{
	"credit": "Made with Blockbench",
	"textures": {
		"0": "item/bone_meal",
		"particle": "item/bone_meal"
	},
	"elements": [
		{
			"name": "font",
			"from": [-1, 5.5, 0],
			"to": [19, 5.5, 19],
			"faces": {
				"north": {"uv": [0, 0.375, 1, 2.375], "texture": "#0"},
				"east": {"uv": [0, 0, 0.687, 1.249], "texture": "#0"},
				"south": {"uv": [0.125, 0, 1.125, 2], "texture": "#0"},
				"west": {"uv": [0, 0, 1.625, 1.125], "texture": "#0"},
				"up": {"uv": [0, 0, 16, 16], "texture": "#0"},
				"down": {"uv": [16, 0, 0, 16], "rotation": 180, "texture": "#0"}
			}
		}
	],
	"display": {
		"thirdperson_righthand": {
			"rotation": [90, 6.25, 45.5],
			"translation": [-1.75, 3.75, 1.5],
			"scale": [0.41, 0.41, 0.41]
		},
		"thirdperson_lefthand": {
			"rotation": [90, 0, 404],
			"translation": [0, 3.75, 2.5],
			"scale": [0.41, 0.41, 0.41]
		},
		"firstperson_righthand": {
			"rotation": [67, 0, 60],
			"translation": [-0.12, 4.25, 1.13],
			"scale": [0.4, 0.4, 0.4]
		},
		"firstperson_lefthand": {
			"rotation": [60, 0, 60],
			"translation": [1.38, 4, 1],
			"scale": [0.4, 0.4, 0.4]
		},
		"ground": {
			"rotation": [90, 0, 0],
			"translation": [0, 1, 1.5],
			"scale": [0.5, 0.5, 0.5]
		},
		"gui": {
			"rotation": [60, 0, 0],
			"translation": [-0.2, 2.25, 0],
			"scale": [0.8, 0.8, 0.9]
		},
		"head": {
			"rotation": [-90, -180, 0],
			"translation": [0, 17.25, -3.75]
		},
		"fixed": {
			"rotation": [90, 0, 0],
			"translation": [-0.5, 1, 2]
		}
	}
}