{
	"credit": "Made with Blockbench",
	"texture_size": [32, 32],
	"textures": {
		"0": "item/egg",
		"particle": "item/egg"
	},
	"elements": [
		{
			"from": [4.825, 5.45, 4.65],
			"to": [11.075, 8.3, 10.9],
			"rotation": {"angle": 0, "axis": "y", "origin": [0, 0, 1]},
			"faces": {
				"north": {"uv": [3.5, 5, 6.75, 6.5625], "texture": "#0"},
				"east": {"uv": [6, 2, 9.25, 3.5625], "texture": "#0"},
				"south": {"uv": [6, 0, 9.25, 1.5625], "texture": "#0"},
				"west": {"uv": [6, 0, 9.25, 1.5625], "texture": "#0"},
				"up": {"uv": [3.25, 3.125, 0, 0], "texture": "#0"},
				"down": {"uv": [3.25, 3.5, 0, 6.625], "texture": "#0"}
			}
		},
		{
			"from": [5.4786, 4.1, 5.2643],
			"to": [10.4786, 4.7, 10.2643],
			"rotation": {"angle": 0, "axis": "y", "origin": [1.1786, 5.3, -3.9857]},
			"faces": {
				"north": {"uv": [2, 9, 4.5, 9.375], "texture": "#0"},
				"east": {"uv": [9, 4, 11.5, 4.375], "texture": "#0"},
				"south": {"uv": [4.5, 9, 7, 9.375], "texture": "#0"},
				"west": {"uv": [9, 4.5, 11.5, 4.875], "texture": "#0"},
				"up": {"uv": [6, 2.5, 3.5, 0], "texture": "#0"},
				"down": {"uv": [6, 2.5, 3.5, 5], "texture": "#0"}
			}
		},
		{
			"from": [5.95, 3.6, 5.75],
			"to": [9.95, 4.3, 9.75],
			"rotation": {"angle": 0, "axis": "y", "origin": [0, 0, 1]},
			"faces": {
				"north": {"uv": [6.5, 9.5, 8.5, 9.875], "texture": "#0"},
				"east": {"uv": [8.5, 9.5, 10.5, 9.875], "texture": "#0"},
				"south": {"uv": [9.5, 9, 11.5, 9.375], "texture": "#0"},
				"west": {"uv": [2, 10, 4, 10.375], "texture": "#0"},
				"up": {"uv": [5.5, 9, 3.5, 7], "texture": "#0"},
				"down": {"uv": [9, 4, 7, 6], "texture": "#0"}
			}
		},
		{
			"from": [10.425, 4.7, 5.3],
			"to": [11.075, 5.45, 10.3],
			"rotation": {"angle": 0, "axis": "y", "origin": [7.8464, 17, 7.8857]},
			"faces": {
				"north": {"uv": [3, 12, 3.3125, 12.375], "texture": "#0"},
				"east": {"uv": [7.03125, 9, 9.46875, 9.375], "texture": "#0"},
				"south": {"uv": [12, 3, 12.3125, 3.375], "texture": "#0"},
				"west": {"uv": [9, 5.5, 11.5, 5.875], "texture": "#0"},
				"up": {"uv": [4.8125, 12, 4.5, 9.5], "texture": "#0"},
				"down": {"uv": [5.3125, 9.5, 5, 12], "texture": "#0"}
			}
		},
		{
			"from": [4.8286, 4.7, 5.2643],
			"to": [5.4786, 5.45, 10.2643],
			"rotation": {"angle": 0, "axis": "y", "origin": [8.3, 17, 8.6]},
			"faces": {
				"north": {"uv": [3.5, 12, 3.8125, 12.375], "texture": "#0"},
				"east": {"uv": [7, 9, 9.5, 9.375], "texture": "#0"},
				"south": {"uv": [12, 3.5, 12.3125, 3.875], "texture": "#0"},
				"west": {"uv": [9.5, 0, 12, 0.375], "texture": "#0"},
				"up": {"uv": [5.8125, 12, 5.5, 9.5], "texture": "#0"},
				"down": {"uv": [6.3125, 9.5, 6, 12], "texture": "#0"}
			}
		},
		{
			"from": [5.475, 4.7, 4.65],
			"to": [10.475, 5.45, 5.3],
			"rotation": {"angle": 0, "axis": "y", "origin": [8.6964, 17, 8.6357]},
			"faces": {
				"north": {"uv": [9.5, 0.5, 12, 0.875], "texture": "#0"},
				"east": {"uv": [4, 12, 4.3125, 12.375], "texture": "#0"},
				"south": {"uv": [9.5, 1, 12, 1.375], "texture": "#0"},
				"west": {"uv": [4.5, 12, 4.8125, 12.375], "texture": "#0"},
				"up": {"uv": [12, 2.3125, 9.5, 2], "texture": "#0"},
				"down": {"uv": [12, 2.5, 9.5, 2.8125], "texture": "#0"}
			}
		},
		{
			"from": [5.4786, 4.7, 10.2643],
			"to": [10.4786, 5.45, 10.8943],
			"rotation": {"angle": 0, "axis": "y", "origin": [8.1, 17, 8.1]},
			"faces": {
				"north": {"uv": [9.5, 1.5, 12, 1.875], "texture": "#0"},
				"east": {"uv": [5, 12, 5.3125, 12.375], "texture": "#0"},
				"south": {"uv": [2, 9.5, 4.5, 9.875], "texture": "#0"},
				"west": {"uv": [12, 5, 12.3125, 5.375], "texture": "#0"},
				"up": {"uv": [12, 3.3125, 9.5, 3], "texture": "#0"},
				"down": {"uv": [12, 3.5, 9.5, 3.8125], "texture": "#0"}
			}
		},
		{
			"from": [8.7286, 8.25, 7.0143],
			"to": [10.4786, 9, 10.2643],
			"rotation": {"angle": 0, "axis": "y", "origin": [8, 17, 8.6]},
			"faces": {
				"north": {"uv": [6, 4, 6.875, 4.375], "texture": "#0"},
				"east": {"uv": [10, 6, 11.625, 6.375], "texture": "#0"},
				"south": {"uv": [6, 4.5, 6.875, 4.875], "texture": "#0"},
				"west": {"uv": [6.5, 10, 8.125, 10.375], "texture": "#0"},
				"up": {"uv": [6.375, 8.625, 5.5, 7], "texture": "#0"},
				"down": {"uv": [7.875, 6, 7, 7.625], "texture": "#0"}
			}
		},
		{
			"from": [7.2286, 8.25, 5.2643],
			"to": [10.4786, 9, 7.0143],
			"rotation": {"angle": 0, "axis": "y", "origin": [8, 17, 8.6]},
			"faces": {
				"north": {"uv": [10, 7.5, 11.625, 7.875], "texture": "#0"},
				"east": {"uv": [10.5, 8.5, 11.375, 8.875], "texture": "#0"},
				"south": {"uv": [8.5, 10, 10.125, 10.375], "texture": "#0"},
				"west": {"uv": [9.5, 10.5, 10.375, 10.875], "texture": "#0"},
				"up": {"uv": [9.625, 7.875, 8, 7], "texture": "#0"},
				"down": {"uv": [10.125, 8, 8.5, 8.875], "texture": "#0"}
			}
		},
		{
			"from": [5.4786, 8.25, 5.2643],
			"to": [7.2286, 9, 8.5143],
			"rotation": {"angle": 0, "axis": "y", "origin": [8, 17, 8.6]},
			"faces": {
				"north": {"uv": [10.5, 9.5, 11.375, 9.875], "texture": "#0"},
				"east": {"uv": [2, 10.5, 3.625, 10.875], "texture": "#0"},
				"south": {"uv": [10.5, 10, 11.375, 10.375], "texture": "#0"},
				"west": {"uv": [6.5, 10.5, 8.125, 10.875], "texture": "#0"},
				"up": {"uv": [0.875, 10.625, 0, 9], "texture": "#0"},
				"down": {"uv": [1.875, 9, 1, 10.625], "texture": "#0"}
			}
		},
		{
			"from": [5.4786, 8.25, 8.5143],
			"to": [8.7286, 9, 10.2643],
			"rotation": {"angle": 0, "axis": "y", "origin": [8, 17, 8.6]},
			"faces": {
				"north": {"uv": [10, 6.5, 11.625, 6.875], "texture": "#0"},
				"east": {"uv": [10.5, 8, 11.375, 8.375], "texture": "#0"},
				"south": {"uv": [10, 7, 11.625, 7.375], "texture": "#0"},
				"west": {"uv": [8.5, 10.5, 9.375, 10.875], "texture": "#0"},
				"up": {"uv": [9.625, 6.875, 8, 6], "texture": "#0"},
				"down": {"uv": [8.125, 8, 6.5, 8.875], "texture": "#0"}
			}
		},
		{
			"from": [7.7036, 9, 8.35308],
			"to": [8.2536, 9.25, 9.85308],
			"rotation": {"angle": 0, "axis": "y", "origin": [6.9536, 9.2, 11.60308]},
			"faces": {
				"north": {"uv": [2.5, 13, 2.78125, 13.125], "texture": "#0"},
				"east": {"uv": [5.5, 12, 6.25, 12.125], "texture": "#0"},
				"south": {"uv": [3, 13, 3.28125, 13.125], "texture": "#0"},
				"west": {"uv": [12, 5.5, 12.75, 5.625], "texture": "#0"},
				"up": {"uv": [0.28125, 12.25, 0, 11.5], "texture": "#0"},
				"down": {"uv": [0.78125, 11.5, 0.5, 12.25], "texture": "#0"}
			}
		},
		{
			"from": [7.6036, 9.15, 9.25308],
			"to": [8.3536, 9.4, 10.75308],
			"rotation": {"angle": 0, "axis": "y", "origin": [6.9536, 9.2, 11.60308]},
			"faces": {
				"north": {"uv": [8.5, 12.5, 8.875, 12.625], "texture": "#0"},
				"east": {"uv": [12, 6, 12.75, 6.125], "texture": "#0"},
				"south": {"uv": [9, 12.5, 9.375, 12.625], "texture": "#0"},
				"west": {"uv": [6.5, 12, 7.25, 12.125], "texture": "#0"},
				"up": {"uv": [6.875, 7.75, 6.5, 7], "texture": "#0"},
				"down": {"uv": [4.375, 10, 4, 10.75], "texture": "#0"}
			}
		},
		{
			"from": [9.29784, 9.15, 8.88016],
			"to": [10.79784, 9.4, 9.63016],
			"rotation": {"angle": -45, "axis": "y", "origin": [9.69784, 9.2, 8.75516]},
			"faces": {
				"north": {"uv": [12, 6.5, 12.75, 6.625], "texture": "#0"},
				"east": {"uv": [9.5, 12.5, 9.875, 12.625], "texture": "#0"},
				"south": {"uv": [12, 7, 12.75, 7.125], "texture": "#0"},
				"west": {"uv": [10, 12.5, 10.375, 12.625], "texture": "#0"},
				"up": {"uv": [11.25, 10.875, 10.5, 10.5], "texture": "#0"},
				"down": {"uv": [0.75, 11, 0, 11.375], "texture": "#0"}
			}
		},
		{
			"from": [8.39784, 9, 8.98016],
			"to": [9.89784, 9.25, 9.53016],
			"rotation": {"angle": -45, "axis": "y", "origin": [9.69784, 9.2, 8.75516]},
			"faces": {
				"north": {"uv": [12, 7.5, 12.75, 7.625], "texture": "#0"},
				"east": {"uv": [3.5, 13, 3.78125, 13.125], "texture": "#0"},
				"south": {"uv": [12, 8, 12.75, 8.125], "texture": "#0"},
				"west": {"uv": [4, 13, 4.28125, 13.125], "texture": "#0"},
				"up": {"uv": [1.75, 11.78125, 1, 11.5], "texture": "#0"},
				"down": {"uv": [2.75, 11.5, 2, 11.78125], "texture": "#0"}
			}
		},
		{
			"from": [8.59784, 9, 7.48016],
			"to": [10.09784, 9.25, 8.03016],
			"rotation": {"angle": 0, "axis": "y", "origin": [9.89784, 9.2, 7.15516]},
			"faces": {
				"north": {"uv": [12, 8.5, 12.75, 8.625], "texture": "#0"},
				"east": {"uv": [4.5, 13, 4.78125, 13.125], "texture": "#0"},
				"south": {"uv": [12, 9, 12.75, 9.125], "texture": "#0"},
				"west": {"uv": [5, 13, 5.28125, 13.125], "texture": "#0"},
				"up": {"uv": [12.25, 4.28125, 11.5, 4], "texture": "#0"},
				"down": {"uv": [12.25, 4.5, 11.5, 4.78125], "texture": "#0"}
			}
		},
		{
			"from": [9.49784, 9.15, 7.38016],
			"to": [10.99784, 9.4, 8.13016],
			"rotation": {"angle": 0, "axis": "y", "origin": [9.89784, 9.2, 7.15516]},
			"faces": {
				"north": {"uv": [9.5, 12, 10.25, 12.125], "texture": "#0"},
				"east": {"uv": [12.5, 10, 12.875, 10.125], "texture": "#0"},
				"south": {"uv": [12, 9.5, 12.75, 9.625], "texture": "#0"},
				"west": {"uv": [10.5, 12.5, 10.875, 12.625], "texture": "#0"},
				"up": {"uv": [1.75, 11.375, 1, 11], "texture": "#0"},
				"down": {"uv": [2.75, 11, 2, 11.375], "texture": "#0"}
			}
		},
		{
			"from": [9.2036, 9.15, 4.95308],
			"to": [9.9536, 9.4, 6.45308],
			"rotation": {"angle": -45, "axis": "y", "origin": [8.9786, 9.2, 5.95308]},
			"faces": {
				"north": {"uv": [12.5, 10.5, 12.875, 10.625], "texture": "#0"},
				"east": {"uv": [10.5, 12, 11.25, 12.125], "texture": "#0"},
				"south": {"uv": [11, 12.5, 11.375, 12.625], "texture": "#0"},
				"west": {"uv": [12, 11, 12.75, 11.125], "texture": "#0"},
				"up": {"uv": [3.375, 11.75, 3, 11], "texture": "#0"},
				"down": {"uv": [3.875, 11, 3.5, 11.75], "texture": "#0"}
			}
		},
		{
			"from": [9.3036, 9, 5.85308],
			"to": [9.8536, 9.25, 7.35308],
			"rotation": {"angle": -45, "axis": "y", "origin": [8.9786, 9.2, 5.95308]},
			"faces": {
				"north": {"uv": [5.5, 13, 5.78125, 13.125], "texture": "#0"},
				"east": {"uv": [12, 11.5, 12.75, 11.625], "texture": "#0"},
				"south": {"uv": [13, 5.5, 13.28125, 5.625], "texture": "#0"},
				"west": {"uv": [12, 12, 12.75, 12.125], "texture": "#0"},
				"up": {"uv": [11.78125, 5.75, 11.5, 5], "texture": "#0"},
				"down": {"uv": [8.28125, 11.5, 8, 12.25], "texture": "#0"}
			}
		},
		{
			"from": [7.6036, 9.15, 4.75308],
			"to": [8.3536, 9.4, 6.25308],
			"rotation": {"angle": 0, "axis": "y", "origin": [7.9786, 9.2, 5.75308]},
			"faces": {
				"north": {"uv": [11.5, 12.5, 11.875, 12.625], "texture": "#0"},
				"east": {"uv": [0, 12.5, 0.75, 12.625], "texture": "#0"},
				"south": {"uv": [12, 12.5, 12.375, 12.625], "texture": "#0"},
				"west": {"uv": [12.5, 0, 13.25, 0.125], "texture": "#0"},
				"up": {"uv": [4.375, 11.75, 4, 11], "texture": "#0"},
				"down": {"uv": [6.875, 11, 6.5, 11.75], "texture": "#0"}
			}
		},
		{
			"from": [7.7036, 9, 5.65308],
			"to": [8.2536, 9.25, 7.15308],
			"rotation": {"angle": 0, "axis": "y", "origin": [7.9786, 9.2, 5.75308]},
			"faces": {
				"north": {"uv": [6, 13, 6.28125, 13.125], "texture": "#0"},
				"east": {"uv": [12.5, 0.5, 13.25, 0.625], "texture": "#0"},
				"south": {"uv": [13, 6, 13.28125, 6.125], "texture": "#0"},
				"west": {"uv": [12.5, 1, 13.25, 1.125], "texture": "#0"},
				"up": {"uv": [11.78125, 8.75, 11.5, 8], "texture": "#0"},
				"down": {"uv": [8.78125, 11.5, 8.5, 12.25], "texture": "#0"}
			}
		},
		{
			"from": [5.99944, 9.15, 5.43887],
			"to": [6.74944, 9.4, 6.93887],
			"rotation": {"angle": 45, "axis": "y", "origin": [6.37444, 9.2, 6.13887]},
			"faces": {
				"north": {"uv": [12.5, 12.5, 12.875, 12.625], "texture": "#0"},
				"east": {"uv": [12.5, 1.5, 13.25, 1.625], "texture": "#0"},
				"south": {"uv": [0, 13, 0.375, 13.125], "texture": "#0"},
				"west": {"uv": [12.5, 2, 13.25, 2.125], "texture": "#0"},
				"up": {"uv": [7.375, 11.75, 7, 11], "texture": "#0"},
				"down": {"uv": [7.875, 11, 7.5, 11.75], "texture": "#0"}
			}
		},
		{
			"from": [6.09944, 9, 6.33887],
			"to": [6.64944, 9.25, 7.83887],
			"rotation": {"angle": 45, "axis": "y", "origin": [6.37444, 9.2, 6.13887]},
			"faces": {
				"north": {"uv": [6.5, 13, 6.78125, 13.125], "texture": "#0"},
				"east": {"uv": [12.5, 2.5, 13.25, 2.625], "texture": "#0"},
				"south": {"uv": [13, 6.5, 13.28125, 6.625], "texture": "#0"},
				"west": {"uv": [3, 12.5, 3.75, 12.625], "texture": "#0"},
				"up": {"uv": [9.28125, 12.25, 9, 11.5], "texture": "#0"},
				"down": {"uv": [11.78125, 9, 11.5, 9.75], "texture": "#0"}
			}
		},
		{
			"from": [4.99784, 9.15, 7.38016],
			"to": [6.49784, 9.4, 8.13016],
			"rotation": {"angle": 0, "axis": "y", "origin": [6.19784, 9.2, 7.75516]},
			"faces": {
				"north": {"uv": [12.5, 3, 13.25, 3.125], "texture": "#0"},
				"east": {"uv": [0.5, 13, 0.875, 13.125], "texture": "#0"},
				"south": {"uv": [12.5, 3.5, 13.25, 3.625], "texture": "#0"},
				"west": {"uv": [1, 13, 1.375, 13.125], "texture": "#0"},
				"up": {"uv": [8.75, 11.375, 8, 11], "texture": "#0"},
				"down": {"uv": [9.75, 11, 9, 11.375], "texture": "#0"}
			}
		},
		{
			"from": [5.89784, 9, 7.48016],
			"to": [7.39784, 9.25, 8.03016],
			"rotation": {"angle": 0, "axis": "y", "origin": [6.19784, 9.2, 7.75516]},
			"faces": {
				"north": {"uv": [4, 12.5, 4.75, 12.625], "texture": "#0"},
				"east": {"uv": [7, 13, 7.28125, 13.125], "texture": "#0"},
				"south": {"uv": [12.5, 4, 13.25, 4.125], "texture": "#0"},
				"west": {"uv": [13, 7, 13.28125, 7.125], "texture": "#0"},
				"up": {"uv": [10.25, 11.78125, 9.5, 11.5], "texture": "#0"},
				"down": {"uv": [12.25, 10, 11.5, 10.28125], "texture": "#0"}
			}
		},
		{
			"from": [6.60875, 9, 9.45504],
			"to": [8.10875, 9.25, 10.00504],
			"rotation": {"angle": 45, "axis": "y", "origin": [6.00875, 9.2, 9.63004]},
			"faces": {
				"north": {"uv": [12.5, 4.5, 13.25, 4.625], "texture": "#0"},
				"east": {"uv": [7.5, 13, 7.78125, 13.125], "texture": "#0"},
				"south": {"uv": [5, 12.5, 5.75, 12.625], "texture": "#0"},
				"west": {"uv": [13, 7.5, 13.28125, 7.625], "texture": "#0"},
				"up": {"uv": [11.25, 11.78125, 10.5, 11.5], "texture": "#0"},
				"down": {"uv": [12.25, 10.5, 11.5, 10.78125], "texture": "#0"}
			}
		},
		{
			"from": [5.70875, 9.15, 9.35504],
			"to": [7.20875, 9.4, 10.10504],
			"rotation": {"angle": 45, "axis": "y", "origin": [6.00875, 9.2, 9.63004]},
			"faces": {
				"north": {"uv": [12.5, 5, 13.25, 5.125], "texture": "#0"},
				"east": {"uv": [1.5, 13, 1.875, 13.125], "texture": "#0"},
				"south": {"uv": [6, 12.5, 6.75, 12.625], "texture": "#0"},
				"west": {"uv": [2, 13, 2.375, 13.125], "texture": "#0"},
				"up": {"uv": [10.75, 11.375, 10, 11], "texture": "#0"},
				"down": {"uv": [11.75, 11, 11, 11.375], "texture": "#0"}
			}
		},
		{
			"from": [7.7286, 8.25, 7.61],
			"to": [8.0786, 9.45, 7.96],
			"rotation": {"angle": 0, "axis": "y", "origin": [9.8286, 9, 5.2643]},
			"faces": {
				"north": {"uv": [1.5, 12, 1.71875, 12.59375], "texture": "#0"},
				"east": {"uv": [2, 12, 2.21875, 12.59375], "texture": "#0"},
				"south": {"uv": [12, 2, 12.21875, 2.59375], "texture": "#0"},
				"west": {"uv": [2.5, 12, 2.71875, 12.59375], "texture": "#0"},
				"up": {"uv": [7.71875, 12.21875, 7.5, 12], "texture": "#0"},
				"down": {"uv": [7.21875, 12.5, 7, 12.71875], "texture": "#0"}
			}
		},
		{
			"from": [8.02328, 9.38144, 7.61],
			"to": [8.37328, 10.48144, 7.96],
			"rotation": {"angle": -22.5, "axis": "z", "origin": [8.04828, 10.15644, 7.7893]},
			"faces": {
				"north": {"uv": [11.5, 11.5, 11.71875, 12.15625], "texture": "#0"},
				"east": {"uv": [12, 0, 12.21875, 0.65625], "texture": "#0"},
				"south": {"uv": [1, 12, 1.21875, 12.65625], "texture": "#0"},
				"west": {"uv": [12, 1, 12.21875, 1.65625], "texture": "#0"},
				"up": {"uv": [7.71875, 12.71875, 7.5, 12.5], "texture": "#0"},
				"down": {"uv": [8.21875, 12.5, 8, 12.71875], "texture": "#0"}
			}
		}
	],
	"display": {
		"thirdperson_righthand": {
			"rotation": [0, -180, 0],
			"translation": [0, 1.5, 0],
			"scale": [0.35, 0.35, 0.35]
		},
		"thirdperson_lefthand": {
			"rotation": [0, -180, 0],
			"translation": [0, 1.5, 0.5],
			"scale": [0.36, 0.37, 0.36]
		},
		"firstperson_righthand": {
			"rotation": [-2, -54, 1],
			"translation": [-2.75, 4.5, 4.5],
			"scale": [0.5, 0.5, 0.5]
		},
		"firstperson_lefthand": {
			"rotation": [-7, -87, 0],
			"translation": [-0.5, 3.5, 3.5],
			"scale": [0.21, 0.36, 0.29]
		},
		"ground": {
			"translation": [0, 0.75, 0],
			"scale": [0.5, 0.5, 0.5]
		},
		"gui": {
			"rotation": [21, -27.25, 0],
			"translation": [0.25, 1.25, 0],
			"scale": [2.01, 1.85, 1.41]
		},
		"head": {
			"translation": [0, 11.5, 0.75]
		},
		"fixed": {
			"rotation": [0, 140.75, 0],
			"translation": [0, 1, -0.5],
			"scale": [1.51, 1.51, 1.51]
		}
	},
	"groups": [0, 1, 2, 3, 4, 5, 6, 7, 8, 9, 10,
		{
			"name": "leave",
			"origin": [7.89828, 10.15644, 7.7893],
			"color": 0,
			"children": [11, 12, 13, 14, 15, 16, 17, 18, 19, 20, 21, 22, 23, 24, 25, 26, 27, 28]
		}
	]
}