{
	"credit": "Made with Blockbench",
	"textures": {
		"1": "optifine/cit/polka_ahoge"
	},
	"elements": [
		{
			"name": "font",
			"from": [-2, 0, 0],
			"to": [18, 0, 19],
			"faces": {
				"north": {"uv": [0, 0.375, 1, 2.375], "texture": "#1"},
				"east": {"uv": [0, 0, 0.687, 1.249], "texture": "#1"},
				"south": {"uv": [0.125, 0, 1.125, 2], "texture": "#1"},
				"west": {"uv": [0, 0, 1.625, 1.125], "texture": "#1"},
				"up": {"uv": [0, 0, 16, 16], "texture": "#1"},
				"down": {"uv": [16, 0, 0, 16], "rotation": 180, "texture": "#1"}
			}
		}
	],
	"display": {
		"thirdperson_righthand": {
			"rotation": [90, 6.25, 45.5],
			"translation": [-3.5, 1.25, 2.75],
			"scale": [0.5, 0.5, 0.5]
		},
		"thirdperson_lefthand": {
			"rotation": [90, 0, 404],
			"translation": [-2.25, 2.5, 3.5],
			"scale": [0.5, 0.5, 0.5]
		},
		"firstperson_righthand": {
			"rotation": [82, -9, 98],
			"translation": [-0.12, 4, -0.87],
			"scale": [0.4, 0.4, 0.4]
		},
		"firstperson_lefthand": {
			"rotation": [81, -12, 95],
			"translation": [0, 4, 0.25],
			"scale": [0.4, 0.4, 0.4]
		},
		"ground": {
			"rotation": [90, 0, 0],
			"translation": [-1.75, 5.5, 7.75]
		},
		"gui": {
			"rotation": [90, 0, 0],
			"translation": [-0.2, 1.75, 0],
			"scale": [0.9, 0.9, 0.9]
		},
		"head": {
			"rotation": [90, 0, 0],
			"translation": [-0.75, 7.5, -0.25],
			"scale": [0.9, 0.9, 0.9]
		},
		"fixed": {
			"rotation": [90, 0.5, -180],
			"translation": [0.75, 2, -8]
		}
	}
}