{
	"credit": "Made with Blockbench",
	"texture_size": [64, 64],
	"textures": {
		"1": "item/grenade",
		"particle": "item/grenade"
	},
	"elements": [
		{
			"from": [4.0786, 3.9, 4.0143],
			"to": [11.6786, 7.5, 11.6143],
			"rotation": {"angle": 0, "axis": "y", "origin": [0, 0, 1]},
			"faces": {
				"north": {"uv": [4.75, 0, 7.15625, 1], "texture": "#1"},
				"east": {"uv": [4.75, 0, 7.15625, 1], "texture": "#1"},
				"south": {"uv": [4.75, 0, 7.15625, 1], "texture": "#1"},
				"west": {"uv": [4.75, 0, 7.15625, 1], "texture": "#1"},
				"up": {"uv": [2.40625, 2.40625, 0, 0], "texture": "#1"},
				"down": {"uv": [2.40625, 2.5, 0, 4.90625], "texture": "#1"}
			}
		},
		{
			"from": [5.4786, 2.15, 5.2643],
			"to": [10.4786, 2.9, 10.2643],
			"rotation": {"angle": 0, "axis": "y", "origin": [1.1786, 5.3, -3.9857]},
			"faces": {
				"north": {"uv": [7.25, 2.75, 9.25, 3], "texture": "#1"},
				"east": {"uv": [2.25, 5.5, 2.5, 5.75], "texture": "#1"},
				"south": {"uv": [7.25, 3, 9.25, 3.25], "texture": "#1"},
				"west": {"uv": [2.25, 5.75, 2.5, 6], "texture": "#1"},
				"up": {"uv": [9.25, 3.5, 7.25, 3.25], "texture": "#1"},
				"down": {"uv": [9.25, 3.5, 7.25, 3.75], "texture": "#1"}
			}
		},
		{
			"from": [5.95, 1.4, 5.75],
			"to": [9.95, 2.15, 9.75],
			"rotation": {"angle": 0, "axis": "y", "origin": [0.1786, 5.55, -3.9857]},
			"faces": {
				"north": {"uv": [7.25, 3.75, 8.75, 4], "texture": "#1"},
				"east": {"uv": [2.25, 7, 2.5, 7.25], "texture": "#1"},
				"south": {"uv": [5.75, 7.25, 7.25, 7.5], "texture": "#1"},
				"west": {"uv": [2.5, 7, 2.75, 7.25], "texture": "#1"},
				"up": {"uv": [8.75, 7.5, 7.25, 7.25], "texture": "#1"},
				"down": {"uv": [1.5, 7.5, 0, 7.75], "texture": "#1"}
			}
		},
		{
			"from": [5.95, 9.5, 5.75],
			"to": [9.95, 10.25, 9.75],
			"rotation": {"angle": 0, "axis": "y", "origin": [0, 0, 1]},
			"faces": {
				"north": {"uv": [7.5, 4.75, 9, 4.9375], "texture": "#1"},
				"east": {"uv": [7.5, 5, 9, 5.1875], "texture": "#1"},
				"south": {"uv": [7.5, 5.25, 9, 5.4375], "texture": "#1"},
				"west": {"uv": [7.5, 5.5, 9, 5.6875], "texture": "#1"},
				"up": {"uv": [1.5, 6.5, 0, 5], "texture": "#1"},
				"down": {"uv": [7.5, 4, 6, 5.5], "texture": "#1"}
			}
		},
		{
			"from": [10.4786, 7.5, 5.2643],
			"to": [11.4786, 8.75, 10.2643],
			"rotation": {"angle": 0, "axis": "y", "origin": [7.8, 17, 8.6]},
			"faces": {
				"north": {"uv": [11.65625, 3.375, 9.9375, 1.73438], "texture": "#1"},
				"east": {"uv": [3.40625, 6.73438, 4.70313, 7.0625], "texture": "#1"},
				"south": {"uv": [4.625, 2.125, 2.5, 0], "texture": "#1"},
				"west": {"uv": [3, 6.75, 5.125, 7.0625], "texture": "#1"},
				"up": {"uv": [4.625, 2.125, 2.5, 0], "texture": "#1"},
				"down": {"uv": [4.625, 2.25, 2.5, 4.375], "texture": "#1"}
			}
		},
		{
			"from": [4.4786, 7.5, 5.2643],
			"to": [5.4786, 8.75, 10.2643],
			"rotation": {"angle": 0, "axis": "y", "origin": [8.3, 17, 8.6]},
			"faces": {
				"north": {"uv": [11.75, 3.53125, 9.92188, 1.64063], "texture": "#1"},
				"east": {"uv": [3, 6.75, 5.125, 7.0625], "texture": "#1"},
				"south": {"uv": [4.625, 2.125, 2.5, 0], "texture": "#1"},
				"west": {"uv": [3.40625, 6.73438, 4.70313, 7.0625], "texture": "#1"},
				"up": {"uv": [4.625, 2.125, 2.5, 0], "texture": "#1"},
				"down": {"uv": [3, 6.75, 5.125, 7.0625], "texture": "#1"}
			}
		},
		{
			"from": [5.4786, 7.5, 4.2643],
			"to": [10.4786, 8.75, 5.2643],
			"rotation": {"angle": 0, "axis": "y", "origin": [8, 17, 8.7]},
			"faces": {
				"north": {"uv": [3.40625, 6.73438, 4.70313, 7.0625], "texture": "#1"},
				"east": {"uv": [4.54688, 2.125, 2.5, 0], "texture": "#1"},
				"south": {"uv": [3, 6.75, 5.125, 7.0625], "texture": "#1"},
				"west": {"uv": [4.625, 2.125, 2.5, 0], "texture": "#1"},
				"up": {"uv": [4.625, 2.125, 2.5, 0], "texture": "#1"},
				"down": {"uv": [3, 6.75, 5.125, 7.0625], "texture": "#1"}
			}
		},
		{
			"from": [5.4786, 7.5, 10.2643],
			"to": [10.4786, 8.75, 11.2643],
			"rotation": {"angle": 0, "axis": "y", "origin": [8.1, 17, 8.1]},
			"faces": {
				"north": {"uv": [3, 6.75, 5.125, 7.0625], "texture": "#1"},
				"east": {"uv": [4.625, 2.125, 2.5, 0], "texture": "#1"},
				"south": {"uv": [3.4, 6.73438, 4.69688, 7.0625], "texture": "#1"},
				"west": {"uv": [4.625, 2.125, 2.5, 0], "texture": "#1"},
				"up": {"uv": [4.625, 2.125, 2.5, 0], "texture": "#1"},
				"down": {"uv": [3, 6.75, 5.125, 7.0625], "texture": "#1"}
			}
		},
		{
			"from": [10.4786, 2.9, 5.2643],
			"to": [11.4786, 3.9, 10.2643],
			"rotation": {"angle": 0, "axis": "y", "origin": [7.8, 17, 8.5]},
			"faces": {
				"north": {"uv": [11.625, 1.14063, 14.125, 1.39063], "texture": "#1"},
				"east": {"uv": [7.25, 0.5, 9.75, 0.75], "texture": "#1"},
				"south": {"uv": [7.25, 0.5, 9.75, 0.75], "texture": "#1"},
				"west": {"uv": [7.25, 0.5, 9.75, 0.75], "texture": "#1"},
				"up": {"uv": [7.25, 0.5, 9.75, 0.75], "texture": "#1"},
				"down": {"uv": [7.25, 0.5, 9.75, 0.75], "texture": "#1"}
			}
		},
		{
			"from": [4.4786, 2.9, 5.2643],
			"to": [5.4786, 3.9, 10.2643],
			"rotation": {"angle": 0, "axis": "y", "origin": [8.3, 17, 8.6]},
			"faces": {
				"north": {"uv": [7.25, 0.5, 9.75, 0.75], "texture": "#1"},
				"east": {"uv": [7.25, 0.5, 9.75, 0.75], "texture": "#1"},
				"south": {"uv": [7.25, 0.5, 9.75, 0.75], "texture": "#1"},
				"west": {"uv": [7.25, 0.5, 9.75, 0.75], "texture": "#1"},
				"up": {"uv": [7.25, 0.5, 9.75, 0.75], "texture": "#1"},
				"down": {"uv": [7.25, 0.5, 9.75, 0.75], "texture": "#1"}
			}
		},
		{
			"from": [5.4786, 2.9, 4.2643],
			"to": [10.4786, 3.9, 5.2643],
			"rotation": {"angle": 0, "axis": "y", "origin": [8, 17, 8.6]},
			"faces": {
				"north": {"uv": [7.25, 0.5, 9.75, 0.75], "texture": "#1"},
				"east": {"uv": [10.67188, 0.5625, 13.17188, 0.8125], "texture": "#1"},
				"south": {"uv": [7.25, 0.5, 9.75, 0.75], "texture": "#1"},
				"west": {"uv": [7.25, 0.5, 9.75, 0.75], "texture": "#1"},
				"up": {"uv": [7.25, 0.5, 9.75, 0.75], "texture": "#1"},
				"down": {"uv": [7.25, 0.5, 9.75, 0.75], "texture": "#1"}
			}
		},
		{
			"from": [5.4786, 2.9, 10.2643],
			"to": [10.4786, 3.9, 11.2643],
			"rotation": {"angle": 0, "axis": "y", "origin": [8.1, 17, 8.1]},
			"faces": {
				"north": {"uv": [7.25, 0.5, 9.75, 0.75], "texture": "#1"},
				"east": {"uv": [7.25, 0.5, 9.75, 0.75], "texture": "#1"},
				"south": {"uv": [7.25, 0.5, 9.75, 0.75], "texture": "#1"},
				"west": {"uv": [7.25, 0.5, 9.75, 0.75], "texture": "#1"},
				"up": {"uv": [7.25, 0.5, 9.75, 0.75], "texture": "#1"},
				"down": {"uv": [7.25, 0.5, 9.75, 0.75], "texture": "#1"}
			}
		},
		{
			"from": [6.95, 10.2, 6.7],
			"to": [9.15, 11.5, 8.6],
			"rotation": {"angle": 0, "axis": "y", "origin": [8, 17, 8.5]},
			"faces": {
				"north": {"uv": [5.75, 7.5, 6.29688, 7.82813], "texture": "#1"},
				"east": {"uv": [7.5, 7.5, 7.96875, 7.82813], "texture": "#1"},
				"south": {"uv": [7.5, 5.75, 8.04688, 6.07813], "texture": "#1"},
				"west": {"uv": [0, 7.75, 0.46875, 8.07813], "texture": "#1"},
				"up": {"uv": [2.04688, 5.96875, 1.5, 5.5], "texture": "#1"},
				"down": {"uv": [4.29688, 7.5, 3.75, 7.96875], "texture": "#1"}
			}
		},
		{
			"from": [5.95, 11.45, 6.45],
			"to": [9.95, 13.05, 8.85],
			"rotation": {"angle": 0, "axis": "y", "origin": [8, 17, 8.5]},
			"faces": {
				"north": {"uv": [0, 6.5, 1.3125, 6.90625], "texture": "#1"},
				"east": {"uv": [4.75, 4, 5.46875, 4.40625], "texture": "#1"},
				"south": {"uv": [7.25, 2.25, 8.5625, 2.65625], "texture": "#1"},
				"west": {"uv": [1.5, 5, 2.21875, 5.40625], "texture": "#1"},
				"up": {"uv": [7.3125, 6.21875, 6, 5.5], "texture": "#1"},
				"down": {"uv": [2.8125, 6.25, 1.5, 6.96875], "texture": "#1"}
			}
		},
		{
			"from": [9.57145, 10.95649, 7],
			"to": [13.12145, 12.25649, 8.4],
			"rotation": {"angle": -22.5, "axis": "z", "origin": [11.34645, 11.60649, 7.7]},
			"faces": {
				"north": {"uv": [4, 8, 4.32813, 8.32813], "texture": "#1"},
				"east": {"uv": [0.5, 7.75, 0.875, 8.07813], "texture": "#1"},
				"south": {"uv": [5.75, 8, 6.07813, 8.32813], "texture": "#1"},
				"west": {"uv": [1, 7.75, 1.375, 8.07813], "texture": "#1"},
				"up": {"uv": [2.32813, 8.125, 2, 7.75], "texture": "#1"},
				"down": {"uv": [2.82813, 7.75, 2.5, 8.125], "texture": "#1"}
			}
		},
		{
			"from": [12.95, 5.3, 7.2],
			"to": [14.1, 11.1, 8.2],
			"rotation": {"angle": 22.5, "axis": "z", "origin": [12.525, 8.7, 7.7]},
			"faces": {
				"north": {"uv": [4.75, 7.25, 5.0625, 8.70313], "texture": "#1"},
				"east": {"uv": [1.5, 7.5, 1.75, 8.95313], "texture": "#1"},
				"south": {"uv": [5.25, 7.25, 5.5625, 8.70313], "texture": "#1"},
				"west": {"uv": [1.75, 7.5, 2, 8.95313], "texture": "#1"},
				"up": {"uv": [1.8125, 6.25, 1.5, 6], "texture": "#1"},
				"down": {"uv": [2.3125, 6, 2, 6.25], "texture": "#1"}
			}
		},
		{
			"from": [5.4786, 8.75, 5.2643],
			"to": [10.4786, 9.5, 10.2643],
			"rotation": {"angle": 0, "axis": "y", "origin": [8, 17, 8.6]},
			"faces": {
				"north": {"uv": [2, 7.5, 3.75, 7.6875], "texture": "#1"},
				"east": {"uv": [7.5, 4, 9.25, 4.1875], "texture": "#1"},
				"south": {"uv": [7.5, 4.25, 9.25, 4.4375], "texture": "#1"},
				"west": {"uv": [7.5, 4.5, 9.25, 4.6875], "texture": "#1"},
				"up": {"uv": [4.25, 6.25, 2.5, 4.5], "texture": "#1"},
				"down": {"uv": [6, 4.5, 4.25, 6.25], "texture": "#1"}
			}
		}
	],
	"display": {
		"thirdperson_righthand": {
			"translation": [0, 1.75, 0.5],
			"scale": [0.24, 0.25, 0.2]
		},
		"thirdperson_lefthand": {
			"rotation": [0, -180, 0],
			"translation": [0, 1.75, 0.75],
			"scale": [0.25, 0.25, 0.22]
		},
		"firstperson_righthand": {
			"rotation": [-1, 104, 2],
			"translation": [-0.5, 4, 3.5],
			"scale": [0.2, 0.35, 0.32]
		},
		"firstperson_lefthand": {
			"rotation": [-7, -87, 0],
			"translation": [-0.5, 3.5, 3.5],
			"scale": [0.21, 0.36, 0.29]
		},
		"ground": {
			"translation": [0, 0.75, 0],
			"scale": [0.5, 0.5, 0.5]
		},
		"gui": {
			"rotation": [0, -180, 0],
			"translation": [0.75, 0.75, 0]
		},
		"head": {
			"translation": [0, 13.75, 0.75]
		},
		"fixed": {
			"translation": [0, 1, 0.5],
			"scale": [1, 1, 0.56]
		}
	}
}