{
	"credit": "Made with Blockbench",
	"parent": "composter",
	"textures": {
		"0": "blocks/iron",
		"1": "blocks/Spoon",
		"particle": "blocks/iron"
	},
	"elements": [
		{
			"from": [-1, 11, 5],
			"to": [0, 13, 6],
			"rotation": {"angle": 0, "axis": "y", "origin": [-3, 1, 0]},
			"faces": {
				"north": {"uv": [0, 0, 1, 2], "texture": "#0"},
				"east": {"uv": [0, 0, 1, 2], "texture": "#0"},
				"south": {"uv": [0, 0, 1, 2], "texture": "#0"},
				"west": {"uv": [0, 0, 1, 2], "texture": "#0"},
				"up": {"uv": [0, 0, 1, 1], "texture": "#0"},
				"down": {"uv": [0, 0, 1, 1], "texture": "#0"}
			}
		},
		{
			"from": [-1, 11, 10],
			"to": [0, 13, 11],
			"rotation": {"angle": 0, "axis": "y", "origin": [-3, 1, 0]},
			"faces": {
				"north": {"uv": [0, 0, 1, 2], "texture": "#0"},
				"east": {"uv": [0, 0, 1, 2], "texture": "#0"},
				"south": {"uv": [0, 0, 1, 2], "texture": "#0"},
				"west": {"uv": [0, 0, 1, 2], "texture": "#0"},
				"up": {"uv": [0, 0, 1, 1], "texture": "#0"},
				"down": {"uv": [0, 0, 1, 1], "texture": "#0"}
			}
		},
		{
			"from": [-2, 13, 10],
			"to": [0, 14, 11],
			"rotation": {"angle": -22.5, "axis": "z", "origin": [-2.5, 13.5, 9.5]},
			"faces": {
				"north": {"uv": [0, 0, 1, 2], "rotation": 90, "texture": "#0"},
				"east": {"uv": [0, 0, 1, 1], "rotation": 270, "texture": "#0"},
				"south": {"uv": [0, 0, 1, 2], "rotation": 270, "texture": "#0"},
				"west": {"uv": [0, 0, 1, 1], "rotation": 270, "texture": "#0"},
				"up": {"uv": [0, 0, 1, 2], "rotation": 270, "texture": "#0"},
				"down": {"uv": [0, 0, 1, 2], "rotation": 270, "texture": "#0"}
			}
		},
		{
			"from": [-2, 13, 5],
			"to": [0, 14, 6],
			"rotation": {"angle": -22.5, "axis": "z", "origin": [-2.5, 13.5, 9.5]},
			"faces": {
				"north": {"uv": [0, 0, 1, 2], "rotation": 90, "texture": "#0"},
				"east": {"uv": [0, 0, 1, 1], "rotation": 270, "texture": "#0"},
				"south": {"uv": [0, 0, 1, 2], "rotation": 270, "texture": "#0"},
				"west": {"uv": [0, 0, 1, 1], "rotation": 270, "texture": "#0"},
				"up": {"uv": [0, 0, 1, 2], "rotation": 270, "texture": "#0"},
				"down": {"uv": [0, 0, 1, 2], "rotation": 270, "texture": "#0"}
			}
		},
		{
			"from": [-3, 13, 5],
			"to": [-2, 14, 11],
			"rotation": {"angle": -22.5, "axis": "z", "origin": [-2.5, 13.5, 9.5]},
			"faces": {
				"north": {"uv": [0, 0, 1, 1], "rotation": 90, "texture": "#0"},
				"east": {"uv": [0, 0, 1, 4], "rotation": 270, "texture": "#0"},
				"south": {"uv": [0, 0, 1, 1], "rotation": 270, "texture": "#0"},
				"west": {"uv": [0, 0, 1, 4], "rotation": 270, "texture": "#0"},
				"up": {"uv": [0, 0, 4, 1], "rotation": 270, "texture": "#0"},
				"down": {"uv": [0, 0, 4, 1], "rotation": 270, "texture": "#0"}
			}
		},
		{
			"from": [0, 0, 0],
			"to": [16, 1, 16],
			"faces": {
				"north": {"uv": [3, 15, 13, 16], "texture": "#0"},
				"east": {"uv": [3, 15, 13, 16], "texture": "#0"},
				"south": {"uv": [3, 15, 13, 16], "texture": "#0"},
				"west": {"uv": [3, 15, 13, 16], "texture": "#0"},
				"up": {"uv": [3, 3, 13, 13], "texture": "#0", "cullface": "up"},
				"down": {"uv": [3, 3, 13, 13], "texture": "#0", "cullface": "down"}
			}
		},
		{
			"from": [2, 0, 14],
			"to": [14, 16, 16],
			"faces": {
				"north": {"uv": [4, 2, 12, 16], "texture": "#0", "cullface": "up"},
				"east": {"uv": [3, 2, 4, 16], "texture": "#0"},
				"south": {"uv": [4, 2, 12, 16], "texture": "#0", "cullface": "south"},
				"west": {"uv": [12, 2, 13, 16], "texture": "#0"},
				"up": {"uv": [4, 12, 12, 13], "texture": "#0", "cullface": "up"},
				"down": {"uv": [4, 3, 12, 4], "texture": "#0"}
			}
		},
		{
			"from": [14, 0, 0],
			"to": [16, 16, 16],
			"faces": {
				"north": {"uv": [3, 2, 4, 16], "texture": "#0", "cullface": "north"},
				"east": {"uv": [3, 2, 13, 16], "texture": "#0", "cullface": "east"},
				"south": {"uv": [12, 2, 13, 16], "texture": "#0", "cullface": "south"},
				"west": {"uv": [3, 2, 13, 16], "texture": "#0", "cullface": "up"},
				"up": {"uv": [12, 3, 13, 13], "texture": "#0", "cullface": "up"},
				"down": {"uv": [12, 3, 13, 13], "texture": "#0"}
			}
		},
		{
			"from": [2, 0, 0],
			"to": [14, 16, 2],
			"faces": {
				"north": {"uv": [4, 2, 12, 16], "texture": "#0", "cullface": "north"},
				"east": {"uv": [12, 2, 13, 16], "texture": "#0"},
				"south": {"uv": [4, 2, 12, 16], "texture": "#0", "cullface": "up"},
				"west": {"uv": [3, 2, 4, 16], "texture": "#0"},
				"up": {"uv": [4, 3, 12, 4], "texture": "#0", "cullface": "up"},
				"down": {"uv": [4, 12, 12, 13], "texture": "#0"}
			}
		},
		{
			"from": [0, 0, 0],
			"to": [2, 16, 16],
			"faces": {
				"north": {"uv": [12, 2, 13, 16], "texture": "#0", "cullface": "north"},
				"east": {"uv": [3, 2, 13, 16], "texture": "#0", "cullface": "up"},
				"south": {"uv": [3, 2, 4, 16], "texture": "#0", "cullface": "south"},
				"west": {"uv": [3, 2, 13, 16], "texture": "#0", "cullface": "west"},
				"up": {"uv": [3, 3, 4, 13], "texture": "#0", "cullface": "up"},
				"down": {"uv": [3, 3, 4, 13], "texture": "#0"}
			}
		},
		{
			"from": [16, 11, 5],
			"to": [17, 13, 6],
			"rotation": {"angle": 0, "axis": "y", "origin": [19, 1, 0]},
			"faces": {
				"north": {"uv": [1, 0, 0, 2], "texture": "#0"},
				"east": {"uv": [1, 0, 0, 2], "texture": "#0"},
				"south": {"uv": [1, 0, 0, 2], "texture": "#0"},
				"west": {"uv": [1, 0, 0, 2], "texture": "#0"},
				"up": {"uv": [1, 0, 0, 1], "texture": "#0"},
				"down": {"uv": [1, 0, 0, 1], "texture": "#0"}
			}
		},
		{
			"from": [16, 11, 10],
			"to": [17, 13, 11],
			"rotation": {"angle": 0, "axis": "y", "origin": [19, 1, 0]},
			"faces": {
				"north": {"uv": [1, 0, 0, 2], "texture": "#0"},
				"east": {"uv": [1, 0, 0, 2], "texture": "#0"},
				"south": {"uv": [1, 0, 0, 2], "texture": "#0"},
				"west": {"uv": [1, 0, 0, 2], "texture": "#0"},
				"up": {"uv": [1, 0, 0, 1], "texture": "#0"},
				"down": {"uv": [1, 0, 0, 1], "texture": "#0"}
			}
		},
		{
			"from": [16, 13, 10],
			"to": [18, 14, 11],
			"rotation": {"angle": 22.5, "axis": "z", "origin": [18.5, 13.5, 9.5]},
			"faces": {
				"north": {"uv": [0, 2, 1, 0], "rotation": 90, "texture": "#0"},
				"east": {"uv": [0, 1, 1, 0], "rotation": 270, "texture": "#0"},
				"south": {"uv": [0, 2, 1, 0], "rotation": 270, "texture": "#0"},
				"west": {"uv": [0, 1, 1, 0], "rotation": 270, "texture": "#0"},
				"up": {"uv": [0, 2, 1, 0], "rotation": 270, "texture": "#0"},
				"down": {"uv": [0, 2, 1, 0], "rotation": 270, "texture": "#0"}
			}
		},
		{
			"from": [16, 13, 5],
			"to": [18, 14, 6],
			"rotation": {"angle": 22.5, "axis": "z", "origin": [18.5, 13.5, 9.5]},
			"faces": {
				"north": {"uv": [0, 2, 1, 0], "rotation": 90, "texture": "#0"},
				"east": {"uv": [0, 1, 1, 0], "rotation": 270, "texture": "#0"},
				"south": {"uv": [0, 2, 1, 0], "rotation": 270, "texture": "#0"},
				"west": {"uv": [0, 1, 1, 0], "rotation": 270, "texture": "#0"},
				"up": {"uv": [0, 2, 1, 0], "rotation": 270, "texture": "#0"},
				"down": {"uv": [0, 2, 1, 0], "rotation": 270, "texture": "#0"}
			}
		},
		{
			"from": [18, 13, 5],
			"to": [19, 14, 11],
			"rotation": {"angle": 22.5, "axis": "z", "origin": [18.5, 13.5, 9.5]},
			"faces": {
				"north": {"uv": [0, 1, 1, 0], "rotation": 90, "texture": "#0"},
				"east": {"uv": [0, 4, 1, 0], "rotation": 270, "texture": "#0"},
				"south": {"uv": [0, 1, 1, 0], "rotation": 270, "texture": "#0"},
				"west": {"uv": [0, 4, 1, 0], "rotation": 270, "texture": "#0"},
				"up": {"uv": [0, 1, 4, 0], "rotation": 270, "texture": "#0"},
				"down": {"uv": [0, 1, 4, 0], "rotation": 270, "texture": "#0"}
			}
		},
		{
			"from": [5.5, 1.5, 11],
			"to": [6.5, 19.6, 12],
			"rotation": {"angle": 22.5, "axis": "z", "origin": [4.5, 7.5, 12.5]},
			"faces": {
				"north": {"uv": [0, 0, 1, 16], "texture": "#1"},
				"east": {"uv": [0, 0, 1, 16], "texture": "#1"},
				"south": {"uv": [0, 0, 1, 16], "texture": "#1"},
				"west": {"uv": [0, 0, 1, 16], "texture": "#1"},
				"up": {"uv": [0, 0, 1, 1], "texture": "#1"},
				"down": {"uv": [0, 0, 1, 1], "texture": "#1"}
			}
		},
		{
			"from": [3.5, 18.6, 11],
			"to": [5.5, 19.6, 12],
			"rotation": {"angle": 22.5, "axis": "z", "origin": [4.5, 7.5, 12.5]},
			"faces": {
				"north": {"uv": [0, 0, 2, 1], "texture": "#1"},
				"east": {"uv": [0, 0, 1, 1], "texture": "#1"},
				"south": {"uv": [0, 0, 2, 1], "texture": "#1"},
				"west": {"uv": [0, 0, 1, 1], "texture": "#1"},
				"up": {"uv": [0, 0, 2, 1], "texture": "#1"},
				"down": {"uv": [0, 0, 2, 1], "texture": "#1"}
			}
		},
		{
			"from": [3.5, 17.1, 11],
			"to": [4.5, 18.6, 12],
			"rotation": {"angle": 22.5, "axis": "z", "origin": [4.5, 7.5, 12.5]},
			"faces": {
				"north": {"uv": [0, 0, 1, 2], "texture": "#1"},
				"east": {"uv": [1, 0, 2, 2], "texture": "#1"},
				"south": {"uv": [0, 2, 1, 4], "texture": "#1"},
				"west": {"uv": [2, 0, 3, 2], "texture": "#1"},
				"up": {"uv": [2, 3, 1, 2], "texture": "#1"},
				"down": {"uv": [3, 2, 2, 3], "texture": "#1"}
			}
		},
		{
			"from": [6.5, 1, 10],
			"to": [6.5, 5, 13],
			"rotation": {"angle": 22.5, "axis": "z", "origin": [4.5, 7.5, 12.5]},
			"faces": {
				"north": {"uv": [0, 0, 0, 4], "texture": "#1"},
				"east": {"uv": [0, 0, 3, 4], "texture": "#1"},
				"south": {"uv": [0, 0, 0, 4], "texture": "#1"},
				"west": {"uv": [0, 0, 3, 4], "texture": "#1"},
				"up": {"uv": [0, 0, 0, 3], "texture": "#1"},
				"down": {"uv": [0, 0, 0, 3], "texture": "#1"}
			}
		},
		{
			"from": [6.5, 1, 13],
			"to": [9.5, 5, 13],
			"rotation": {"angle": 22.5, "axis": "z", "origin": [4.5, 7.5, 12.5]},
			"faces": {
				"north": {"uv": [0, 0, 3, 4], "texture": "#1"},
				"east": {"uv": [0, 0, 0, 4], "texture": "#1"},
				"south": {"uv": [0, 0, 3, 4], "texture": "#1"},
				"west": {"uv": [0, 0, 0, 4], "texture": "#1"},
				"up": {"uv": [0, 0, 3, 0], "texture": "#1"},
				"down": {"uv": [0, 0, 3, 0], "texture": "#1"}
			}
		},
		{
			"from": [6.5, 1, 10],
			"to": [9.5, 5, 10],
			"rotation": {"angle": 22.5, "axis": "z", "origin": [4.5, 7.5, 12.5]},
			"faces": {
				"north": {"uv": [0, 0, 3, 4], "texture": "#1"},
				"east": {"uv": [0, 0, 0, 4], "texture": "#1"},
				"south": {"uv": [0, 0, 3, 4], "texture": "#1"},
				"west": {"uv": [0, 0, 0, 4], "texture": "#1"},
				"up": {"uv": [0, 0, 3, 0], "texture": "#1"},
				"down": {"uv": [0, 0, 3, 0], "texture": "#1"}
			}
		},
		{
			"from": [9.5, 1, 10],
			"to": [9.5, 5, 13],
			"rotation": {"angle": 22.5, "axis": "z", "origin": [4.5, 7.5, 12.5]},
			"faces": {
				"north": {"uv": [0, 0, 0, 4], "texture": "#1"},
				"east": {"uv": [0, 0, 3, 4], "texture": "#1"},
				"south": {"uv": [0, 0, 0, 4], "texture": "#1"},
				"west": {"uv": [0, 0, 3, 4], "texture": "#1"},
				"up": {"uv": [0, 0, 0, 3], "texture": "#1"},
				"down": {"uv": [0, 0, 0, 3], "texture": "#1"}
			}
		},
		{
			"from": [6.5, 1, 10],
			"to": [9.5, 1, 13],
			"rotation": {"angle": 22.5, "axis": "z", "origin": [4.5, 7.5, 12.5]},
			"faces": {
				"north": {"uv": [0, 0, 3, 0], "texture": "#1"},
				"east": {"uv": [0, 0, 3, 0], "texture": "#1"},
				"south": {"uv": [0, 0, 3, 0], "texture": "#1"},
				"west": {"uv": [0, 0, 3, 0], "texture": "#1"},
				"up": {"uv": [0, 0, 3, 3], "texture": "#1"},
				"down": {"uv": [0, 0, 3, 3], "texture": "#1"}
			}
		}
	],
	"display": {
		"thirdperson_righthand": {
			"rotation": [70, 0, 0],
			"translation": [-6, 0, 0],
			"scale": [0.5, 0.5, 0.5]
		},
		"thirdperson_lefthand": {
			"rotation": [70, 0, 0],
			"translation": [-6, 0, 0],
			"scale": [0.5, 0.5, 0.5]
		},
		"firstperson_righthand": {
			"rotation": [20, 0, 0],
			"translation": [-9, 0, 0]
		},
		"firstperson_lefthand": {
			"rotation": [20, 0, 0],
			"translation": [-9, 0, 0]
		}
	},
	"groups": [
		{
			"name": "group",
			"origin": [0, 0, 0],
			"color": 0,
			"children": [
				{
					"name": "group",
					"origin": [0, 0, 0],
					"color": 0,
					"children": [0, 1, 2, 3, 4]
				},
				{
					"name": "group",
					"origin": [8, 8, 8],
					"color": 0,
					"children": [5, 6, 7, 8, 9]
				},
				{
					"name": "group",
					"origin": [0, 0, 0],
					"color": 0,
					"children": [10, 11, 12, 13, 14]
				},
				{
					"name": "group",
					"origin": [0, 0, 0],
					"color": 0,
					"children": [15, 16, 17, 18, 19, 20, 21, 22]
				}
			]
		}
	]
}