{
	"credit": "Made with Blockbench",
	"textures": {
		"0": "blocks/soup",
		"1": "blocks/peko",
		"2": "blocks/aqua"
	},
	"elements": [
		{
			"from": [1, 0, 1],
			"to": [15, 3, 15],
			"faces": {
				"up": {"uv": [12, 12, 0, 0], "texture": "#0", "cullface": "up"}
			}
		},
		{
			"from": [11, 3.5, 3],
			"to": [13, 4.5, 5],
			"rotation": {"angle": 45, "axis": "z", "origin": [13, 4, 4]},
			"faces": {
				"north": {"uv": [4, 4, 6, 5], "texture": "#1"},
				"east": {"uv": [4, 5, 6, 6], "texture": "#1"},
				"south": {"uv": [0, 6, 2, 7], "texture": "#1"},
				"west": {"uv": [6, 0, 8, 1], "texture": "#1"},
				"up": {"uv": [2, 2, 0, 0], "texture": "#1"},
				"down": {"uv": [2, 2, 0, 4], "texture": "#1"}
			}
		},
		{
			"from": [11, 3, 3.5],
			"to": [13, 5, 4.5],
			"rotation": {"angle": 45, "axis": "z", "origin": [13, 4, 4]},
			"faces": {
				"north": {"uv": [2, 0, 4, 2], "texture": "#1"},
				"east": {"uv": [6, 1, 7, 3], "texture": "#1"},
				"south": {"uv": [2, 2, 4, 4], "texture": "#1"},
				"west": {"uv": [2, 6, 3, 8], "texture": "#1"},
				"up": {"uv": [5, 7, 3, 6], "texture": "#1"},
				"down": {"uv": [8, 3, 6, 4], "texture": "#1"}
			}
		},
		{
			"from": [12, 4, 3.5],
			"to": [13, 5, 4.5],
			"rotation": {"angle": 45, "axis": "z", "origin": [13.5, 4.5, 4]},
			"faces": {
				"north": {"uv": [7, 5, 8, 6], "texture": "#1"},
				"east": {"uv": [7, 6, 8, 7], "texture": "#1"},
				"south": {"uv": [7, 7, 8, 8], "texture": "#1"},
				"west": {"uv": [8, 0, 9, 1], "texture": "#1"},
				"up": {"uv": [9, 2, 8, 1], "texture": "#1"},
				"down": {"uv": [3, 8, 2, 9], "texture": "#1"}
			}
		},
		{
			"from": [7.5, 3, 4],
			"to": [8, 3.5, 5],
			"rotation": {"angle": 0, "axis": "y", "origin": [3, 0, -2]},
			"faces": {
				"north": {"uv": [8, 2, 9, 3], "texture": "#1"},
				"east": {"uv": [3, 8, 4, 9], "texture": "#1"},
				"south": {"uv": [8, 3, 9, 4], "texture": "#1"},
				"west": {"uv": [4, 8, 5, 9], "texture": "#1"},
				"up": {"uv": [6, 9, 5, 8], "texture": "#1"},
				"down": {"uv": [9, 5, 8, 6], "texture": "#1"}
			}
		},
		{
			"from": [9, 3, 4],
			"to": [9.5, 3.5, 5],
			"rotation": {"angle": 0, "axis": "y", "origin": [3, 0, -2]},
			"faces": {
				"north": {"uv": [6, 8, 7, 9], "texture": "#1"},
				"east": {"uv": [8, 6, 9, 7], "texture": "#1"},
				"south": {"uv": [7, 8, 8, 9], "texture": "#1"},
				"west": {"uv": [8, 7, 9, 8], "texture": "#1"},
				"up": {"uv": [9, 9, 8, 8], "texture": "#1"},
				"down": {"uv": [1, 9, 0, 10], "texture": "#1"}
			}
		},
		{
			"from": [8, 3, 4],
			"to": [9, 3.5, 5],
			"rotation": {"angle": 0, "axis": "y", "origin": [3, 0, -2]},
			"faces": {
				"north": {"uv": [9, 0, 10, 1], "texture": "#1"},
				"east": {"uv": [1, 9, 2, 10], "texture": "#1"},
				"south": {"uv": [9, 1, 10, 2], "texture": "#1"},
				"west": {"uv": [2, 9, 3, 10], "texture": "#1"},
				"up": {"uv": [10, 3, 9, 2], "texture": "#1"},
				"down": {"uv": [4, 9, 3, 10], "texture": "#1"}
			}
		},
		{
			"from": [8, 3, 3.5],
			"to": [9, 3.5, 4],
			"rotation": {"angle": 0, "axis": "y", "origin": [3, 0, -2]},
			"faces": {
				"north": {"uv": [9, 3, 10, 4], "texture": "#1"},
				"east": {"uv": [4, 9, 5, 10], "texture": "#1"},
				"south": {"uv": [9, 4, 10, 5], "texture": "#1"},
				"west": {"uv": [5, 9, 6, 10], "texture": "#1"},
				"up": {"uv": [10, 6, 9, 5], "texture": "#1"},
				"down": {"uv": [7, 9, 6, 10], "texture": "#1"}
			}
		},
		{
			"from": [8, 3, 5],
			"to": [9, 3.5, 5.5],
			"rotation": {"angle": 0, "axis": "y", "origin": [3, 0, -2]},
			"faces": {
				"north": {"uv": [9, 6, 10, 7], "texture": "#1"},
				"east": {"uv": [7, 9, 8, 10], "texture": "#1"},
				"south": {"uv": [9, 7, 10, 8], "texture": "#1"},
				"west": {"uv": [8, 9, 9, 10], "texture": "#1"},
				"up": {"uv": [10, 9, 9, 8], "texture": "#1"},
				"down": {"uv": [10, 9, 9, 10], "texture": "#1"}
			}
		},
		{
			"from": [11, 3, 6],
			"to": [12, 3.5, 7],
			"rotation": {"angle": 0, "axis": "y", "origin": [3, 0, -2]},
			"faces": {
				"north": {"uv": [0, 10, 1, 11], "texture": "#1"},
				"east": {"uv": [10, 0, 11, 1], "texture": "#1"},
				"south": {"uv": [1, 10, 2, 11], "texture": "#1"},
				"west": {"uv": [10, 1, 11, 2], "texture": "#1"},
				"up": {"uv": [3, 11, 2, 10], "texture": "#1"},
				"down": {"uv": [11, 2, 10, 3], "texture": "#1"}
			}
		},
		{
			"from": [3.95956, 0.22386, 10],
			"to": [4.95956, 2.22386, 12],
			"rotation": {"angle": 45, "axis": "x", "origin": [7.45956, 3.45956, 12]},
			"faces": {
				"north": {"uv": [6, 4, 7, 6], "texture": "#1"},
				"east": {"uv": [0, 4, 2, 6], "texture": "#1"},
				"south": {"uv": [5, 6, 6, 8], "texture": "#1"},
				"west": {"uv": [4, 0, 6, 2], "texture": "#1"},
				"up": {"uv": [7, 8, 6, 6], "texture": "#1"},
				"down": {"uv": [1, 7, 0, 9], "texture": "#1"}
			}
		},
		{
			"from": [3.45956, 0.22386, 10.5],
			"to": [5.45956, 2.22386, 11.5],
			"rotation": {"angle": 45, "axis": "x", "origin": [7.45956, 3.45956, 12]},
			"faces": {
				"north": {"uv": [2, 4, 4, 6], "texture": "#1"},
				"east": {"uv": [1, 7, 2, 9], "texture": "#1"},
				"south": {"uv": [4, 2, 6, 4], "texture": "#1"},
				"west": {"uv": [7, 1, 8, 3], "texture": "#1"},
				"up": {"uv": [5, 8, 3, 7], "texture": "#1"},
				"down": {"uv": [9, 4, 7, 5], "texture": "#1"}
			}
		},
		{
			"from": [3.95956, 1.43096, 10.5],
			"to": [4.95956, 2.43096, 11.5],
			"rotation": {"angle": 45, "axis": "x", "origin": [7.45956, 3.45956, 12]},
			"faces": {
				"north": {"uv": [3, 10, 4, 11], "texture": "#1"},
				"east": {"uv": [10, 3, 11, 4], "texture": "#1"},
				"south": {"uv": [4, 10, 5, 11], "texture": "#1"},
				"west": {"uv": [10, 4, 11, 5], "texture": "#1"},
				"up": {"uv": [6, 11, 5, 10], "texture": "#1"},
				"down": {"uv": [11, 5, 10, 6], "texture": "#1"}
			}
		},
		{
			"from": [6.66667, 3, 9.16667],
			"to": [7.66667, 3.5, 9.66667],
			"rotation": {"angle": 0, "axis": "y", "origin": [10.5, 3.25, 10.16667]},
			"faces": {
				"north": {"uv": [6, 10, 7, 11], "texture": "#1"},
				"east": {"uv": [10, 6, 11, 7], "texture": "#1"},
				"south": {"uv": [7, 10, 8, 11], "texture": "#1"},
				"west": {"uv": [10, 7, 11, 8], "texture": "#1"},
				"up": {"uv": [9, 11, 8, 10], "texture": "#1"},
				"down": {"uv": [11, 8, 10, 9], "texture": "#1"}
			}
		},
		{
			"from": [6.66667, 3, 10.6667],
			"to": [7.66667, 3.5, 11.1667],
			"rotation": {"angle": 0, "axis": "y", "origin": [10.5, 3.25, 10.16667]},
			"faces": {
				"north": {"uv": [9, 10, 10, 11], "texture": "#1"},
				"east": {"uv": [10, 9, 11, 10], "texture": "#1"},
				"south": {"uv": [10, 10, 11, 11], "texture": "#1"},
				"west": {"uv": [0, 11, 1, 12], "texture": "#1"},
				"up": {"uv": [12, 1, 11, 0], "texture": "#1"},
				"down": {"uv": [2, 11, 1, 12], "texture": "#1"}
			}
		},
		{
			"from": [6.16667, 3, 9.66667],
			"to": [6.66667, 3.5, 10.66667],
			"rotation": {"angle": 0, "axis": "y", "origin": [10.5, 3.25, 10.16667]},
			"faces": {
				"north": {"uv": [11, 1, 12, 2], "texture": "#1"},
				"east": {"uv": [2, 11, 3, 12], "texture": "#1"},
				"south": {"uv": [11, 2, 12, 3], "texture": "#1"},
				"west": {"uv": [3, 11, 4, 12], "texture": "#1"},
				"up": {"uv": [12, 4, 11, 3], "texture": "#1"},
				"down": {"uv": [5, 11, 4, 12], "texture": "#1"}
			}
		},
		{
			"from": [7.6667, 3, 9.66667],
			"to": [8.1667, 3.5, 10.66667],
			"rotation": {"angle": 0, "axis": "y", "origin": [10.5, 3.25, 10.16667]},
			"faces": {
				"north": {"uv": [11, 4, 12, 5], "texture": "#1"},
				"east": {"uv": [5, 11, 6, 12], "texture": "#1"},
				"south": {"uv": [11, 5, 12, 6], "texture": "#1"},
				"west": {"uv": [6, 11, 7, 12], "texture": "#1"},
				"up": {"uv": [12, 7, 11, 6], "texture": "#1"},
				"down": {"uv": [8, 11, 7, 12], "texture": "#1"}
			}
		},
		{
			"from": [6.6667, 3, 9.66667],
			"to": [7.6667, 3.5, 10.66667],
			"rotation": {"angle": 0, "axis": "y", "origin": [10.5, 3.25, 10.16667]},
			"faces": {
				"north": {"uv": [11, 7, 12, 8], "texture": "#1"},
				"east": {"uv": [8, 11, 9, 12], "texture": "#1"},
				"south": {"uv": [11, 8, 12, 9], "texture": "#1"},
				"west": {"uv": [9, 11, 10, 12], "texture": "#1"},
				"up": {"uv": [12, 10, 11, 9], "texture": "#1"},
				"down": {"uv": [11, 11, 10, 12], "texture": "#1"}
			}
		},
		{
			"from": [4.66667, 3, 12.66667],
			"to": [5.66667, 3.5, 13.66667],
			"rotation": {"angle": 0, "axis": "y", "origin": [10.5, 3.25, 10.16667]},
			"faces": {
				"north": {"uv": [11, 10, 12, 11], "texture": "#1"},
				"east": {"uv": [11, 11, 12, 12], "texture": "#1"},
				"south": {"uv": [0, 12, 1, 13], "texture": "#1"},
				"west": {"uv": [12, 0, 13, 1], "texture": "#1"},
				"up": {"uv": [2, 13, 1, 12], "texture": "#1"},
				"down": {"uv": [13, 1, 12, 2], "texture": "#1"}
			}
		},
		{
			"from": [4, 1.97783, 3.40223],
			"to": [7, 2.97783, 6.40223],
			"rotation": {"angle": 22.5, "axis": "x", "origin": [6.5, 3.72783, 5.90223]},
			"faces": {
				"north": {"uv": [0, 10, 5, 12], "texture": "#2"},
				"east": {"uv": [10, 0, 15, 2], "texture": "#2"},
				"south": {"uv": [10, 2, 15, 4], "texture": "#2"},
				"west": {"uv": [10, 4, 15, 6], "texture": "#2"},
				"up": {"uv": [5, 5, 0, 0], "texture": "#2"},
				"down": {"uv": [5, 5, 0, 10], "texture": "#2"}
			}
		},
		{
			"from": [7, 2.5, 5.79746],
			"to": [10, 3.5, 8.79746],
			"rotation": {"angle": 0, "axis": "x", "origin": [18.5, 7.79557, 10.29746]},
			"faces": {
				"north": {"uv": [5, 10, 10, 12], "texture": "#2"},
				"east": {"uv": [10, 6, 15, 8], "texture": "#2"},
				"south": {"uv": [10, 8, 15, 10], "texture": "#2"},
				"west": {"uv": [10, 10, 15, 12], "texture": "#2"},
				"up": {"uv": [10, 5, 5, 0], "texture": "#2"},
				"down": {"uv": [10, 5, 5, 10], "texture": "#2"}
			}
		}
	],
	"display": {},
	"groups": [
		{
			"name": "group",
			"origin": [8, 8, 8],
			"color": 0,
			"children": [0,
				{
					"name": "group",
					"origin": [8, 8, 8],
					"color": 0,
					"children": [
						{
							"name": "peko",
							"origin": [0, 0, 0],
							"color": 0,
							"children": [
								{
									"name": "group",
									"origin": [8, 8, 8],
									"color": 0,
									"children": [1, 2, 3]
								},
								{
									"name": "group",
									"origin": [0, 0, 0],
									"color": 0,
									"children": [4, 5, 6, 7, 8, 9]
								},
								{
									"name": "group",
									"origin": [8, 8, 8],
									"color": 0,
									"children": [10, 11, 12]
								},
								{
									"name": "group",
									"origin": [0, 0, 0],
									"color": 0,
									"children": [13, 14, 15, 16, 17, 18]
								}
							]
						},
						{
							"name": "aqu",
							"origin": [8, 8, 8],
							"color": 0,
							"children": [
								{
									"name": "group",
									"origin": [0, 0, 0],
									"color": 0,
									"children": [19]
								},
								{
									"name": "group",
									"origin": [8, 8, 8],
									"color": 0,
									"children": [20]
								}
							]
						}
					]
				}
			]
		}
	]
}