{
	"credit": "Made with Blockbench",
	"textures": {
		"0": "blocks/soup",
		"1": "blocks/mutton",
		"2": "blocks/harp 1",
		"4": "blocks/harp 2",
		"5": "blocks/hook",
		"particle": "blocks/harp 1"
	},
	"elements": [
		{
			"from": [1, 0, 1],
			"to": [15, 5, 15],
			"faces": {
				"north": {"uv": [0, 0, 14, 5], "texture": "#missing"},
				"east": {"uv": [0, 0, 14, 5], "texture": "#missing"},
				"south": {"uv": [0, 0, 14, 5], "texture": "#missing"},
				"west": {"uv": [0, 0, 14, 5], "texture": "#missing"},
				"up": {"uv": [0, 0, 12, 12], "texture": "#0"},
				"down": {"uv": [0, 0, 14, 14], "texture": "#missing"}
			}
		},
		{
			"from": [10.37957, 5, 5.54064],
			"to": [13.37957, 6, 9.54064],
			"rotation": {"angle": 0, "axis": "y", "origin": [8.31713, 5.5, 5.71076]},
			"faces": {
				"north": {"uv": [4, 10, 7, 11], "texture": "#1"},
				"east": {"uv": [8, 5, 12, 6], "texture": "#1"},
				"south": {"uv": [7, 10, 10, 11], "texture": "#1"},
				"west": {"uv": [8, 6, 12, 7], "texture": "#1"},
				"up": {"uv": [3, 4, 0, 0], "texture": "#1"},
				"down": {"uv": [6, 0, 3, 4], "texture": "#1"}
			}
		},
		{
			"from": [9, 5, 4],
			"to": [13, 6, 7],
			"rotation": {"angle": -22.5, "axis": "y", "origin": [8.31713, 5.5, 5.71076]},
			"faces": {
				"north": {"uv": [9, 0, 13, 1], "texture": "#1"},
				"east": {"uv": [10, 7, 13, 8], "texture": "#1"},
				"south": {"uv": [9, 1, 13, 2], "texture": "#1"},
				"west": {"uv": [10, 8, 13, 9], "texture": "#1"},
				"up": {"uv": [4, 7, 0, 4], "texture": "#1"},
				"down": {"uv": [8, 4, 4, 7], "texture": "#1"}
			}
		},
		{
			"from": [8, 5, 7],
			"to": [12, 6, 8],
			"rotation": {"angle": -22.5, "axis": "y", "origin": [8.31713, 5.5, 5.71076]},
			"faces": {
				"north": {"uv": [9, 2, 13, 3], "texture": "#1"},
				"east": {"uv": [5, 13, 6, 14], "texture": "#1"},
				"south": {"uv": [3, 9, 7, 10], "texture": "#1"},
				"west": {"uv": [6, 13, 7, 14], "texture": "#1"},
				"up": {"uv": [11, 10, 7, 9], "texture": "#1"},
				"down": {"uv": [4, 10, 0, 11], "texture": "#1"}
			}
		},
		{
			"from": [6.68126, 5, 4.19104],
			"to": [9.68126, 6, 7.19104],
			"rotation": {"angle": 22.5, "axis": "y", "origin": [8.31713, 5.5, 5.71076]},
			"faces": {
				"north": {"uv": [6, 11, 9, 12], "texture": "#1"},
				"east": {"uv": [10, 10, 13, 11], "texture": "#1"},
				"south": {"uv": [0, 11, 3, 12], "texture": "#1"},
				"west": {"uv": [3, 11, 6, 12], "texture": "#1"},
				"up": {"uv": [9, 3, 6, 0], "rotation": 90, "texture": "#1"},
				"down": {"uv": [3, 7, 0, 10], "rotation": 270, "texture": "#1"}
			}
		},
		{
			"from": [6, 5, 4],
			"to": [13, 6, 5],
			"rotation": {"angle": -22.5, "axis": "y", "origin": [8.31713, 5.5, 5.71076]},
			"faces": {
				"north": {"uv": [6, 3, 13, 4], "texture": "#1"},
				"east": {"uv": [7, 13, 8, 14], "texture": "#1"},
				"south": {"uv": [3, 7, 10, 8], "texture": "#1"},
				"west": {"uv": [13, 7, 14, 8], "texture": "#1"},
				"up": {"uv": [10, 9, 3, 8], "texture": "#1"},
				"down": {"uv": [15, 4, 8, 5], "texture": "#1"}
			}
		},
		{
			"from": [5, 5, 5],
			"to": [7, 6, 6],
			"rotation": {"angle": -22.5, "axis": "y", "origin": [8.31713, 5.5, 5.71076]},
			"faces": {
				"north": {"uv": [13, 1, 15, 2], "texture": "#1"},
				"east": {"uv": [8, 13, 9, 14], "texture": "#1"},
				"south": {"uv": [13, 2, 15, 3], "texture": "#1"},
				"west": {"uv": [13, 8, 14, 9], "texture": "#1"},
				"up": {"uv": [5, 14, 3, 13], "texture": "#1"},
				"down": {"uv": [15, 3, 13, 4], "texture": "#1"}
			}
		},
		{
			"from": [4.60166, 5, 3.39678],
			"to": [7.60166, 6, 4.39678],
			"rotation": {"angle": 0, "axis": "y", "origin": [8.31713, 5.5, 5.71076]},
			"faces": {
				"north": {"uv": [12, 5, 15, 6], "texture": "#1"},
				"east": {"uv": [13, 10, 14, 11], "texture": "#1"},
				"south": {"uv": [6, 12, 9, 13], "texture": "#1"},
				"west": {"uv": [11, 13, 12, 14], "texture": "#1"},
				"up": {"uv": [15, 7, 12, 6], "texture": "#1"},
				"down": {"uv": [12, 12, 9, 13], "texture": "#1"}
			}
		},
		{
			"from": [3.5406, 5, 2.30435],
			"to": [6.5406, 6, 3.30435],
			"rotation": {"angle": 22.5, "axis": "y", "origin": [8.31713, 5.5, 5.71076]},
			"faces": {
				"north": {"uv": [12, 11, 15, 12], "texture": "#1"},
				"east": {"uv": [12, 13, 13, 14], "texture": "#1"},
				"south": {"uv": [12, 12, 15, 13], "texture": "#1"},
				"west": {"uv": [13, 13, 14, 14], "texture": "#1"},
				"up": {"uv": [3, 14, 0, 13], "texture": "#1"},
				"down": {"uv": [16, 0, 13, 1], "texture": "#1"}
			}
		},
		{
			"from": [-3.3, 2, 10],
			"to": [-2.3, 8, 11],
			"rotation": {"angle": 22.5, "axis": "x", "origin": [-2.5, 4.88478, 8.05186]},
			"faces": {
				"north": {"uv": [4, 0, 5, 6], "texture": "#2"},
				"east": {"uv": [5, 0, 6, 6], "texture": "#2"},
				"south": {"uv": [6, 0, 7, 6], "texture": "#2"},
				"west": {"uv": [4, 6, 5, 12], "texture": "#2"},
				"up": {"uv": [10, 3, 9, 2], "texture": "#2"},
				"down": {"uv": [10, 3, 9, 4], "texture": "#2"}
			}
		},
		{
			"from": [-3.3, -1, 5],
			"to": [-2.3, 11, 6],
			"rotation": {"angle": 22.5, "axis": "x", "origin": [-2.5, 4.88478, 8.05186]},
			"faces": {
				"north": {"uv": [0, 0, 1, 12], "texture": "#2"},
				"east": {"uv": [1, 0, 2, 12], "texture": "#2"},
				"south": {"uv": [2, 0, 3, 12], "texture": "#2"},
				"west": {"uv": [3, 0, 4, 12], "texture": "#2"},
				"up": {"uv": [10, 5, 9, 4], "texture": "#2"},
				"down": {"uv": [10, 5, 9, 6], "texture": "#2"}
			}
		},
		{
			"from": [-3.3, 3.51484, 10.82981],
			"to": [-2.3, 8.51484, 11.82981],
			"rotation": {"angle": -45, "axis": "x", "origin": [-2.5, 4.88478, 8.05186]},
			"faces": {
				"north": {"uv": [5, 6, 6, 11], "texture": "#2"},
				"east": {"uv": [6, 6, 7, 11], "texture": "#2"},
				"south": {"uv": [7, 0, 8, 5], "texture": "#2"},
				"west": {"uv": [7, 5, 8, 10], "texture": "#2"},
				"up": {"uv": [10, 7, 9, 6], "texture": "#2"},
				"down": {"uv": [10, 7, 9, 8], "texture": "#2"}
			}
		},
		{
			"from": [-3.3, 1.01525, 4.04071],
			"to": [-2.3, 2.01525, 9.04071],
			"rotation": {"angle": 0, "axis": "x", "origin": [-2.5, 4.88478, 8.05186]},
			"faces": {
				"north": {"uv": [9, 8, 10, 9], "texture": "#2"},
				"east": {"uv": [8, 0, 13, 1], "texture": "#2"},
				"south": {"uv": [9, 9, 10, 10], "texture": "#2"},
				"west": {"uv": [8, 1, 13, 2], "texture": "#2"},
				"up": {"uv": [9, 7, 8, 2], "texture": "#2"},
				"down": {"uv": [9, 7, 8, 12], "texture": "#2"}
			}
		},
		{
			"from": [-2.5, 1, 6],
			"to": [-2.4, 9, 6.5],
			"rotation": {"angle": 22.5, "axis": "x", "origin": [-2.5, 4.88478, 8.05186]},
			"faces": {
				"north": {"uv": [0, 8, 1, 16], "texture": "#4"},
				"east": {"uv": [0, 0, 6, 8], "texture": "#4"},
				"south": {"uv": [1, 8, 2, 16], "texture": "#4"},
				"west": {"uv": [8, 0, 9, 8], "texture": "#4"},
				"up": {"uv": [3, 14, 2, 8], "texture": "#4"},
				"down": {"uv": [4, 8, 3, 14], "texture": "#4"}
			}
		},
		{
			"from": [-2.5, 1, 7],
			"to": [-2.4, 9, 7.5],
			"rotation": {"angle": 22.5, "axis": "x", "origin": [-2.5, 4.88478, 8.05186]},
			"faces": {
				"north": {"uv": [0, 8, 1, 16], "texture": "#4"},
				"east": {"uv": [0, 0, 6, 8], "texture": "#4"},
				"south": {"uv": [1, 8, 2, 16], "texture": "#4"},
				"west": {"uv": [8, 0, 9, 8], "texture": "#4"},
				"up": {"uv": [3, 14, 2, 8], "texture": "#4"},
				"down": {"uv": [4, 8, 3, 14], "texture": "#4"}
			}
		},
		{
			"from": [-2.5, 1, 8],
			"to": [-2.4, 8, 8.5],
			"rotation": {"angle": 22.5, "axis": "x", "origin": [-2.5, 4.88478, 8.05186]},
			"faces": {
				"north": {"uv": [0, 8, 1, 16], "texture": "#4"},
				"east": {"uv": [0, 0, 6, 8], "texture": "#4"},
				"south": {"uv": [1, 8, 2, 16], "texture": "#4"},
				"west": {"uv": [8, 0, 9, 8], "texture": "#4"},
				"up": {"uv": [3, 14, 2, 8], "texture": "#4"},
				"down": {"uv": [4, 8, 3, 14], "texture": "#4"}
			}
		},
		{
			"from": [-2.5, 2, 9],
			"to": [-2.4, 8, 9.5],
			"rotation": {"angle": 22.5, "axis": "x", "origin": [-2.5, 4.88478, 8.05186]},
			"faces": {
				"north": {"uv": [0, 8, 1, 16], "texture": "#4"},
				"east": {"uv": [0, 0, 6, 8], "texture": "#4"},
				"south": {"uv": [1, 8, 2, 16], "texture": "#4"},
				"west": {"uv": [8, 0, 9, 8], "texture": "#4"},
				"up": {"uv": [3, 14, 2, 8], "texture": "#4"},
				"down": {"uv": [4, 8, 3, 14], "texture": "#4"}
			}
		},
		{
			"from": [-4.34451, 10.88345, 8],
			"to": [-3.34451, 13.88345, 9],
			"rotation": {"angle": 0, "axis": "z", "origin": [-5.84451, 14.38345, 8.5]},
			"faces": {
				"north": {"uv": [0, 0, 3, 1], "rotation": 270, "texture": "#5"},
				"east": {"uv": [0, 0, 3, 1], "rotation": 90, "texture": "#5"},
				"south": {"uv": [0, 0, 3, 1], "rotation": 90, "texture": "#5"},
				"west": {"uv": [0, 0, 3, 1], "rotation": 90, "texture": "#5"},
				"up": {"uv": [0, 0, 3, 1], "rotation": 90, "texture": "#5"},
				"down": {"uv": [0, 0, 3, 1], "rotation": 90, "texture": "#5"}
			}
		},
		{
			"from": [-2.34451, 8.88345, 8],
			"to": [-1.34451, 11.88345, 9],
			"rotation": {"angle": 0, "axis": "z", "origin": [-5.84451, 14.38345, 8.5]},
			"faces": {
				"north": {"uv": [3, 0, 6, 1], "rotation": 270, "texture": "#5"},
				"east": {"uv": [3, 0, 6, 1], "rotation": 90, "texture": "#5"},
				"south": {"uv": [3, 0, 6, 1], "rotation": 90, "texture": "#5"},
				"west": {"uv": [3, 0, 6, 1], "rotation": 90, "texture": "#5"},
				"up": {"uv": [3, 0, 6, 1], "rotation": 90, "texture": "#5"},
				"down": {"uv": [3, 0, 6, 1], "rotation": 90, "texture": "#5"}
			}
		},
		{
			"from": [-4.34451, 7.88345, 8],
			"to": [-3.34451, 9.88345, 9],
			"rotation": {"angle": 0, "axis": "y", "origin": [-5.84451, 14.38345, 8.5]},
			"faces": {
				"north": {"uv": [3, 0, 6, 1], "rotation": 270, "texture": "#5"},
				"east": {"uv": [3, 0, 6, 1], "rotation": 90, "texture": "#5"},
				"south": {"uv": [3, 0, 6, 1], "rotation": 90, "texture": "#5"},
				"west": {"uv": [3, 0, 6, 1], "rotation": 90, "texture": "#5"},
				"up": {"uv": [3, 0, 6, 1], "rotation": 90, "texture": "#5"},
				"down": {"uv": [3, 0, 6, 1], "rotation": 90, "texture": "#5"}
			}
		},
		{
			"from": [-2.34451, 12.88345, 8],
			"to": [-1.34451, 14.88345, 9],
			"rotation": {"angle": 0, "axis": "y", "origin": [-5.84451, 14.38345, 8.5]},
			"faces": {
				"north": {"uv": [3, 0, 6, 1], "rotation": 270, "texture": "#5"},
				"east": {"uv": [3, 0, 6, 1], "rotation": 90, "texture": "#5"},
				"south": {"uv": [3, 0, 6, 1], "rotation": 90, "texture": "#5"},
				"west": {"uv": [3, 0, 6, 1], "rotation": 90, "texture": "#5"},
				"up": {"uv": [3, 0, 6, 1], "rotation": 90, "texture": "#5"},
				"down": {"uv": [3, 0, 6, 1], "rotation": 90, "texture": "#5"}
			}
		},
		{
			"from": [-4.34451, 10.88345, 8],
			"to": [-1.34451, 11.88345, 9],
			"rotation": {"angle": 0, "axis": "z", "origin": [-5.84451, 14.38345, 8.5]},
			"faces": {
				"north": {"uv": [0, 4, 1, 7], "rotation": 270, "texture": "#5"},
				"east": {"uv": [0, 4, 1, 7], "rotation": 90, "texture": "#5"},
				"south": {"uv": [0, 4, 1, 7], "rotation": 90, "texture": "#5"},
				"west": {"uv": [0, 4, 1, 7], "rotation": 90, "texture": "#5"},
				"up": {"uv": [0, 4, 1, 7], "rotation": 90, "texture": "#5"},
				"down": {"uv": [0, 4, 1, 7], "rotation": 90, "texture": "#5"}
			}
		},
		{
			"from": [-4.34451, 7.88345, 8],
			"to": [-1.34451, 8.88345, 9],
			"rotation": {"angle": 0, "axis": "z", "origin": [-5.84451, 14.38345, 8.5]},
			"faces": {
				"north": {"uv": [4, 4, 5, 7], "rotation": 270, "texture": "#5"},
				"east": {"uv": [4, 4, 5, 7], "rotation": 90, "texture": "#5"},
				"south": {"uv": [4, 4, 5, 7], "rotation": 90, "texture": "#5"},
				"west": {"uv": [4, 4, 5, 7], "rotation": 90, "texture": "#5"},
				"up": {"uv": [4, 4, 5, 7], "rotation": 90, "texture": "#5"},
				"down": {"uv": [4, 4, 5, 7], "rotation": 90, "texture": "#5"}
			}
		},
		{
			"from": [-4.34451, 13.88345, 8],
			"to": [-1.34451, 14.88345, 9],
			"rotation": {"angle": 0, "axis": "z", "origin": [-5.84451, 14.38345, 8.5]},
			"faces": {
				"north": {"uv": [6, 6, 7, 9], "rotation": 270, "texture": "#5"},
				"east": {"uv": [6, 6, 7, 9], "rotation": 90, "texture": "#5"},
				"south": {"uv": [6, 6, 7, 9], "rotation": 90, "texture": "#5"},
				"west": {"uv": [6, 6, 7, 9], "rotation": 90, "texture": "#5"},
				"up": {"uv": [6, 6, 7, 9], "rotation": 90, "texture": "#5"},
				"down": {"uv": [6, 6, 7, 9], "rotation": 90, "texture": "#5"}
			}
		}
	],
	"groups": [
		{
			"name": "group",
			"origin": [8, 8, 8],
			"color": 0,
			"children": [0,
				{
					"name": "group",
					"origin": [0, 0, 0],
					"color": 0,
					"children": [1, 2, 3, 4, 5, 6, 7, 8]
				}
			]
		},
		{
			"name": "group",
			"origin": [8, 8, 8],
			"color": 0,
			"children": [
				{
					"name": "harp",
					"origin": [8, 8, 8],
					"color": 0,
					"children": [
						{
							"name": "group",
							"origin": [8, 8, 8],
							"color": 0,
							"children": [9, 10, 11, 12]
						},
						{
							"name": "group",
							"origin": [-2.5, 5.88478, 9.05186],
							"color": 0,
							"children": [13, 14, 15, 16]
						}
					]
				},
				{
					"name": "Iron hook",
					"origin": [8, 8, 8],
					"color": 0,
					"children": [17, 18, 19, 20, 21, 22, 23]
				}
			]
		}
	]
}