{
	"credit": "Made with Blockbench",
	"parent": "block/crops/pbc/parent",
	"textures": {
		"2": "creatorlabs/crops/green",
		"particle": "creatorlabs/food/carrot/normal/carrot",
		"carrot": "creatorlabs/food/carrot/normal/carrot"
	},
	"elements": [
		{
			"name": "head",
			"from": [10.87389, 6.52282, 6.93696],
			"to": [12.47389, 8.12282, 8.53696],
			"shade": false,
			"rotation": {"angle": 0, "axis": "y", "origin": [0.25, -5.35, 4.35]},
			"faces": {
				"north": {"uv": [4, 1, 3, 2], "texture": "#2"},
				"east": {"uv": [4, 1, 5, 2], "texture": "#2"},
				"south": {"uv": [4, 1, 5, 2], "texture": "#2"},
				"west": {"uv": [4, 1, 5, 2], "texture": "#2"},
				"up": {"uv": [4, 1, 5, 2], "texture": "#2"},
				"down": {"uv": [4, 1, 5, 2], "texture": "#2"}
			}
		},
		{
			"name": "head",
			"from": [9.22611, 5.77282, 6.63696],
			"to": [10.62611, 7.17282, 8.03696],
			"rotation": {"angle": 0, "axis": "y", "origin": [-0.25, -5.35, 4.35]},
			"faces": {
				"north": {"uv": [4, 1, 5, 2], "texture": "#2"},
				"east": {"uv": [4, 1, 5, 2], "texture": "#2"},
				"south": {"uv": [4, 1, 5, 2], "texture": "#2"},
				"west": {"uv": [4, 1, 5, 2], "texture": "#2"},
				"up": {"uv": [4, 1, 5, 2], "texture": "#2"},
				"down": {"uv": [4, 1, 5, 2], "texture": "#2"}
			}
		},
		{
			"name": "head",
			"from": [7.42611, 6.52282, 6.93696],
			"to": [9.02611, 8.12282, 8.53696],
			"rotation": {"angle": 0, "axis": "y", "origin": [-0.25, -5.35, 4.35]},
			"faces": {
				"north": {"uv": [4, 1, 5, 2], "texture": "#2"},
				"east": {"uv": [4, 1, 5, 2], "texture": "#2"},
				"south": {"uv": [4, 1, 5, 2], "texture": "#2"},
				"west": {"uv": [4, 1, 5, 2], "texture": "#2"},
				"up": {"uv": [4, 1, 5, 2], "texture": "#2"},
				"down": {"uv": [4, 1, 5, 2], "texture": "#2"}
			}
		},
		{
			"name": "head",
			"from": [10.83389, 6.53282, 7.94696],
			"to": [12.41389, 8.11282, 9.52696],
			"shade": false,
			"rotation": {"angle": 0, "axis": "y", "origin": [0.25, -5.35, 4.35]},
			"faces": {
				"north": {"uv": [4, 1, 3, 2], "texture": "#2"},
				"east": {"uv": [4, 1, 5, 2], "texture": "#2"},
				"south": {"uv": [4, 1, 5, 2], "texture": "#2"},
				"west": {"uv": [4, 1, 5, 2], "texture": "#2"},
				"up": {"uv": [4, 1, 5, 2], "texture": "#2"},
				"down": {"uv": [4, 1, 5, 2], "texture": "#2"}
			}
		},
		{
			"name": "head",
			"from": [7.43389, 6.53282, 7.94696],
			"to": [9.01389, 8.11282, 9.52696],
			"shade": false,
			"rotation": {"angle": 0, "axis": "y", "origin": [0.25, -5.35, 4.35]},
			"faces": {
				"north": {"uv": [4, 1, 3, 2], "texture": "#2"},
				"east": {"uv": [4, 1, 5, 2], "texture": "#2"},
				"south": {"uv": [4, 1, 5, 2], "texture": "#2"},
				"west": {"uv": [4, 1, 5, 2], "texture": "#2"},
				"up": {"uv": [4, 1, 5, 2], "texture": "#2"},
				"down": {"uv": [4, 1, 5, 2], "texture": "#2"}
			}
		},
		{
			"name": "head",
			"from": [8.07611, 5.77282, 7.03696],
			"to": [9.47611, 7.17282, 10.43696],
			"rotation": {"angle": 0, "axis": "y", "origin": [-0.25, -5.35, 4.35]},
			"faces": {
				"north": {"uv": [4, 1, 5, 2], "texture": "#2"},
				"east": {"uv": [4, 1, 5, 2], "texture": "#2"},
				"south": {"uv": [4, 1, 5, 2], "texture": "#2"},
				"west": {"uv": [4, 1, 5, 2], "texture": "#2"},
				"up": {"uv": [4, 1, 5, 2], "texture": "#2"},
				"down": {"uv": [4, 1, 5, 2], "texture": "#2"}
			}
		},
		{
			"name": "head",
			"from": [7.42611, 6.52282, 8.93696],
			"to": [9.02611, 8.12282, 10.53696],
			"rotation": {"angle": 0, "axis": "y", "origin": [-0.25, -5.35, 4.35]},
			"faces": {
				"north": {"uv": [4, 1, 5, 2], "texture": "#2"},
				"east": {"uv": [4, 1, 5, 2], "texture": "#2"},
				"south": {"uv": [4, 1, 5, 2], "texture": "#2"},
				"west": {"uv": [4, 1, 5, 2], "texture": "#2"},
				"up": {"uv": [4, 1, 5, 2], "texture": "#2"},
				"down": {"uv": [4, 1, 5, 2], "texture": "#2"}
			}
		},
		{
			"name": "head",
			"from": [10.87389, 6.52282, 8.93696],
			"to": [12.47389, 8.12282, 10.53696],
			"shade": false,
			"rotation": {"angle": 0, "axis": "y", "origin": [0.25, -5.35, 4.35]},
			"faces": {
				"north": {"uv": [4, 1, 3, 2], "texture": "#2"},
				"east": {"uv": [4, 1, 5, 2], "texture": "#2"},
				"south": {"uv": [4, 1, 5, 2], "texture": "#2"},
				"west": {"uv": [4, 1, 5, 2], "texture": "#2"},
				"up": {"uv": [4, 1, 5, 2], "texture": "#2"},
				"down": {"uv": [4, 1, 5, 2], "texture": "#2"}
			}
		},
		{
			"name": "head",
			"from": [10.42389, 5.77282, 7.03696],
			"to": [11.82389, 7.17282, 10.43696],
			"shade": false,
			"rotation": {"angle": 0, "axis": "y", "origin": [0.25, -5.35, 4.35]},
			"faces": {
				"north": {"uv": [4, 1, 3, 2], "texture": "#2"},
				"east": {"uv": [4, 1, 5, 2], "texture": "#2"},
				"south": {"uv": [4, 1, 5, 2], "texture": "#2"},
				"west": {"uv": [4, 1, 5, 2], "texture": "#2"},
				"up": {"uv": [4, 1, 5, 2], "texture": "#2"},
				"down": {"uv": [4, 1, 5, 2], "texture": "#2"}
			}
		},
		{
			"name": "head",
			"from": [8.92611, 6.47282, 9.28696],
			"to": [10.92611, 8.47282, 11.28696],
			"rotation": {"angle": 0, "axis": "y", "origin": [-0.25, -5.35, 4.35]},
			"faces": {
				"north": {"uv": [4, 1, 5, 2], "texture": "#2"},
				"east": {"uv": [4, 1, 5, 2], "texture": "#2"},
				"south": {"uv": [4, 1, 5, 2], "texture": "#2"},
				"west": {"uv": [4, 1, 5, 2], "texture": "#2"},
				"up": {"uv": [4, 1, 5, 2], "texture": "#2"},
				"down": {"uv": [4, 1, 5, 2], "texture": "#2"}
			}
		},
		{
			"name": "head",
			"from": [9.22611, 5.87282, 8.08696],
			"to": [10.62611, 7.27282, 9.48696],
			"rotation": {"angle": 0, "axis": "y", "origin": [-0.25, -5.35, 4.35]},
			"faces": {
				"north": {"uv": [4, 1, 5, 2], "texture": "#2"},
				"east": {"uv": [4, 1, 5, 2], "texture": "#2"},
				"south": {"uv": [4, 1, 5, 2], "texture": "#2"},
				"west": {"uv": [4, 1, 5, 2], "texture": "#2"},
				"up": {"uv": [4, 1, 5, 2], "texture": "#2"},
				"down": {"uv": [4, 1, 5, 2], "texture": "#2"}
			}
		},
		{
			"name": "head",
			"from": [9.22611, 5.77282, 9.53696],
			"to": [10.62611, 7.17282, 10.93696],
			"rotation": {"angle": 0, "axis": "y", "origin": [-0.25, -5.35, 4.35]},
			"faces": {
				"north": {"uv": [4, 1, 5, 2], "texture": "#2"},
				"east": {"uv": [4, 1, 5, 2], "texture": "#2"},
				"south": {"uv": [4, 1, 5, 2], "texture": "#2"},
				"west": {"uv": [4, 1, 5, 2], "texture": "#2"},
				"up": {"uv": [4, 1, 5, 2], "texture": "#2"},
				"down": {"uv": [4, 1, 5, 2], "texture": "#2"}
			}
		},
		{
			"name": "head",
			"from": [8.92611, 6.47282, 6.18696],
			"to": [10.92611, 8.47282, 8.18696],
			"rotation": {"angle": 0, "axis": "y", "origin": [-0.25, -5.35, 4.35]},
			"faces": {
				"north": {"uv": [4, 1, 5, 2], "texture": "#2"},
				"east": {"uv": [4, 1, 5, 2], "texture": "#2"},
				"south": {"uv": [4, 1, 5, 2], "texture": "#2"},
				"west": {"uv": [4, 1, 5, 2], "texture": "#2"},
				"up": {"uv": [4, 1, 5, 2], "texture": "#2"},
				"down": {"uv": [4, 1, 5, 2], "texture": "#2"}
			}
		},
		{
			"name": "Body",
			"from": [7.76304, 0.82282, 7.02611],
			"to": [8.76304, 5.82282, 10.42611],
			"rotation": {"angle": 0, "axis": "y", "origin": [-0.25, 1.9, 4.35]},
			"faces": {
				"north": {"uv": [6, 1, 10, 6], "texture": "#carrot"},
				"east": {"uv": [6, 1, 10, 6], "texture": "#carrot"},
				"south": {"uv": [6, 1, 10, 6], "texture": "#carrot"},
				"west": {"uv": [6, 1, 10, 6], "texture": "#carrot"},
				"up": {"uv": [0, 0, 4, 4], "texture": "#carrot"},
				"down": {"uv": [0, 0, 4, 4], "texture": "#carrot"}
			}
		},
		{
			"name": "Body",
			"from": [8.56304, 0.52282, 7.02611],
			"to": [11.56304, 0.82282, 10.42611],
			"rotation": {"angle": 0, "axis": "y", "origin": [-0.25, 1.9, 4.35]},
			"faces": {
				"north": {"uv": [6, 1, 10, 6], "texture": "#carrot"},
				"east": {"uv": [6, 1, 10, 6], "texture": "#carrot"},
				"south": {"uv": [6, 1, 10, 6], "texture": "#carrot"},
				"west": {"uv": [6, 1, 10, 6], "texture": "#carrot"},
				"up": {"uv": [0, 0, 4, 4], "texture": "#carrot"},
				"down": {"uv": [0, 0, 4, 4], "texture": "#carrot"}
			}
		},
		{
			"name": "Body",
			"from": [11.26304, 0.82282, 7.02611],
			"to": [12.26304, 5.82282, 10.42611],
			"rotation": {"angle": 0, "axis": "y", "origin": [-0.25, 1.9, 4.35]},
			"faces": {
				"north": {"uv": [6, 1, 10, 6], "texture": "#carrot"},
				"east": {"uv": [6, 1, 10, 6], "texture": "#carrot"},
				"south": {"uv": [6, 1, 10, 6], "texture": "#carrot"},
				"west": {"uv": [6, 1, 10, 6], "texture": "#carrot"},
				"up": {"uv": [0, 0, 4, 4], "texture": "#carrot"},
				"down": {"uv": [0, 0, 4, 4], "texture": "#carrot"}
			}
		},
		{
			"name": "Body",
			"from": [8.27389, 0.82282, 10.36304],
			"to": [11.67389, 5.82282, 10.96304],
			"rotation": {"angle": 0, "axis": "y", "origin": [-0.25, 1.9, 4.35]},
			"faces": {
				"north": {"uv": [6, 1, 10, 6], "texture": "#carrot"},
				"east": {"uv": [6, 1, 10, 6], "texture": "#carrot"},
				"south": {"uv": [6, 1, 10, 6], "texture": "#carrot"},
				"west": {"uv": [6, 1, 10, 6], "texture": "#carrot"},
				"up": {"uv": [0, 0, 4, 4], "rotation": 90, "texture": "#carrot"},
				"down": {"uv": [0, 0, 4, 4], "rotation": 270, "texture": "#carrot"}
			}
		},
		{
			"name": "Body",
			"from": [8.27389, 0.82282, 6.56304],
			"to": [11.67389, 5.82282, 7.06304],
			"rotation": {"angle": 0, "axis": "y", "origin": [-0.25, 1.9, 4.35]},
			"faces": {
				"north": {"uv": [6, 1, 10, 6], "texture": "#carrot"},
				"east": {"uv": [6, 1, 10, 6], "texture": "#carrot"},
				"south": {"uv": [6, 1, 10, 6], "texture": "#carrot"},
				"west": {"uv": [6, 1, 10, 6], "texture": "#carrot"},
				"up": {"uv": [0, 0, 4, 4], "rotation": 90, "texture": "#carrot"},
				"down": {"uv": [0, 0, 4, 4], "rotation": 270, "texture": "#carrot"}
			}
		},
		{
			"name": "Body",
			"from": [9.57389, 1.12282, 6.16304],
			"to": [10.57389, 2.12282, 7.66304],
			"rotation": {"angle": -45, "axis": "x", "origin": [-0.25, 1.9, 4.35]},
			"faces": {
				"north": {"uv": [6, 2, 5, 3], "texture": "#carrot"},
				"east": {"uv": [7, 2, 5, 3], "texture": "#carrot"},
				"south": {"uv": [6, 2, 5, 3], "texture": "#carrot"},
				"west": {"uv": [7, 2, 5, 3], "texture": "#carrot"},
				"up": {"uv": [8, 3, 7, 5], "texture": "#carrot"},
				"down": {"uv": [8, 3, 7, 5], "texture": "#carrot"}
			}
		},
		{
			"name": "Body",
			"from": [9.57389, -2.77718, 11.40669],
			"to": [10.57389, -1.77718, 12.90669],
			"rotation": {"angle": 45, "axis": "x", "origin": [-0.25, 1.9, 18.61973]},
			"faces": {
				"north": {"uv": [6, 2, 5, 3], "texture": "#carrot"},
				"east": {"uv": [7, 2, 5, 3], "texture": "#carrot"},
				"south": {"uv": [6, 2, 5, 3], "texture": "#carrot"},
				"west": {"uv": [7, 2, 5, 3], "texture": "#carrot"},
				"up": {"uv": [8, 3, 7, 5], "texture": "#carrot"},
				"down": {"uv": [8, 3, 7, 5], "texture": "#carrot"}
			}
		},
		{
			"name": "Body",
			"from": [9.57389, -0.41304, 7.07282],
			"to": [10.57389, 1.08696, 8.07282],
			"rotation": {"angle": 0, "axis": "x", "origin": [-0.25, -1.1, 4.35]},
			"faces": {
				"north": {"uv": [8, 3, 7, 5], "rotation": 180, "texture": "#carrot"},
				"east": {"uv": [7, 2, 5, 3], "rotation": 270, "texture": "#carrot"},
				"south": {"uv": [8, 3, 7, 5], "texture": "#carrot"},
				"west": {"uv": [7, 2, 5, 3], "rotation": 90, "texture": "#carrot"},
				"up": {"uv": [6, 2, 5, 3], "rotation": 180, "texture": "#carrot"},
				"down": {"uv": [6, 2, 5, 3], "texture": "#carrot"}
			}
		},
		{
			"name": "Body",
			"from": [9.57389, -0.41304, 9.37282],
			"to": [10.57389, 1.08696, 10.37282],
			"rotation": {"angle": 0, "axis": "x", "origin": [-0.25, -11.22608, 10.65]},
			"faces": {
				"north": {"uv": [8, 3, 7, 5], "rotation": 180, "texture": "#carrot"},
				"east": {"uv": [7, 2, 5, 3], "rotation": 270, "texture": "#carrot"},
				"south": {"uv": [8, 3, 7, 5], "texture": "#carrot"},
				"west": {"uv": [7, 2, 5, 3], "rotation": 90, "texture": "#carrot"},
				"up": {"uv": [6, 2, 5, 3], "rotation": 180, "texture": "#carrot"},
				"down": {"uv": [6, 2, 5, 3], "texture": "#carrot"}
			}
		},
		{
			"name": "face",
			"from": [7.73696, 4.85787, 8.58452],
			"to": [7.53696, 4.65787, 8.38452],
			"rotation": {"angle": 0, "axis": "y", "origin": [-0.25, 1.9, 4.1]},
			"faces": {
				"north": {"uv": [15, 15, 15.9, 15.9], "texture": "#carrot"},
				"east": {"uv": [15, 15, 15.9, 15.9], "texture": "#carrot"},
				"south": {"uv": [15, 15, 15.9, 15.9], "texture": "#carrot"},
				"west": {"uv": [15, 15, 15.9, 15.9], "texture": "#carrot"},
				"up": {"uv": [15, 15, 15.9, 15.9], "texture": "#carrot"},
				"down": {"uv": [15, 15, 15.9, 15.9], "texture": "#carrot"}
			}
		},
		{
			"name": "face",
			"from": [7.73696, 4.95787, 8.38452],
			"to": [7.53696, 4.75787, 8.18452],
			"rotation": {"angle": 0, "axis": "y", "origin": [-0.25, 1.9, 4.1]},
			"faces": {
				"north": {"uv": [15, 15, 15.9, 15.9], "texture": "#carrot"},
				"east": {"uv": [15, 15, 15.9, 15.9], "texture": "#carrot"},
				"south": {"uv": [15, 15, 15.9, 15.9], "texture": "#carrot"},
				"west": {"uv": [15, 15, 15.9, 15.9], "texture": "#carrot"},
				"up": {"uv": [15, 15, 15.9, 15.9], "texture": "#carrot"},
				"down": {"uv": [15, 15, 15.9, 15.9], "texture": "#carrot"}
			}
		},
		{
			"name": "face",
			"from": [7.73696, 4.85787, 8.18452],
			"to": [7.53696, 4.65787, 7.98452],
			"rotation": {"angle": 0, "axis": "y", "origin": [-0.25, 1.9, 4.1]},
			"faces": {
				"north": {"uv": [15, 15, 15.9, 15.9], "texture": "#carrot"},
				"east": {"uv": [15, 15, 15.9, 15.9], "texture": "#carrot"},
				"south": {"uv": [15, 15, 15.9, 15.9], "texture": "#carrot"},
				"west": {"uv": [15, 15, 15.9, 15.9], "texture": "#carrot"},
				"up": {"uv": [15, 15, 15.9, 15.9], "texture": "#carrot"},
				"down": {"uv": [15, 15, 15.9, 15.9], "texture": "#carrot"}
			}
		},
		{
			"name": "face",
			"from": [7.73696, 4.85787, 9.58452],
			"to": [7.53696, 4.65787, 9.38452],
			"rotation": {"angle": 0, "axis": "y", "origin": [-0.25, 1.9, 4.1]},
			"faces": {
				"north": {"uv": [15, 15, 15.9, 15.9], "texture": "#carrot"},
				"east": {"uv": [15, 15, 15.9, 15.9], "texture": "#carrot"},
				"south": {"uv": [15, 15, 15.9, 15.9], "texture": "#carrot"},
				"west": {"uv": [15, 15, 15.9, 15.9], "texture": "#carrot"},
				"up": {"uv": [15, 15, 15.9, 15.9], "texture": "#carrot"},
				"down": {"uv": [15, 15, 15.9, 15.9], "texture": "#carrot"}
			}
		},
		{
			"name": "face",
			"from": [7.73696, 4.95787, 9.38452],
			"to": [7.53696, 4.75787, 9.18452],
			"rotation": {"angle": 0, "axis": "y", "origin": [-0.25, 1.9, 4.1]},
			"faces": {
				"north": {"uv": [15, 15, 15.9, 15.9], "texture": "#carrot"},
				"east": {"uv": [15, 15, 15.9, 15.9], "texture": "#carrot"},
				"south": {"uv": [15, 15, 15.9, 15.9], "texture": "#carrot"},
				"west": {"uv": [15, 15, 15.9, 15.9], "texture": "#carrot"},
				"up": {"uv": [15, 15, 15.9, 15.9], "texture": "#carrot"},
				"down": {"uv": [15, 15, 15.9, 15.9], "texture": "#carrot"}
			}
		},
		{
			"name": "face",
			"from": [7.73696, 4.85787, 9.18452],
			"to": [7.53696, 4.65787, 8.98452],
			"rotation": {"angle": 0, "axis": "y", "origin": [-0.25, 1.9, 4.1]},
			"faces": {
				"north": {"uv": [15, 15, 15.9, 15.9], "texture": "#carrot"},
				"east": {"uv": [15, 15, 15.9, 15.9], "texture": "#carrot"},
				"south": {"uv": [15, 15, 15.9, 15.9], "texture": "#carrot"},
				"west": {"uv": [15, 15, 15.9, 15.9], "texture": "#carrot"},
				"up": {"uv": [15, 15, 15.9, 15.9], "texture": "#carrot"},
				"down": {"uv": [15, 15, 15.9, 15.9], "texture": "#carrot"}
			}
		},
		{
			"name": "face",
			"from": [7.6, 3.3, 8.3],
			"to": [7.7, 4.2, 9.2],
			"rotation": {"angle": 0, "axis": "y", "origin": [-0.25, 2.1, 4.1]},
			"faces": {
				"north": {"uv": [15, 15, 15.9, 15.9], "texture": "#carrot"},
				"east": {"uv": [15, 15, 15.9, 15.9], "texture": "#carrot"},
				"south": {"uv": [15, 15, 15.9, 15.9], "texture": "#carrot"},
				"west": {"uv": [15, 15, 15.9, 15.9], "texture": "#carrot"},
				"up": {"uv": [15, 15, 15.9, 15.9], "texture": "#carrot"},
				"down": {"uv": [15, 15, 15.9, 15.9], "texture": "#carrot"}
			}
		},
		{
			"name": "face",
			"from": [7.75, 3.15, 7.95],
			"to": [7.55, 4.35, 8.35],
			"rotation": {"angle": 0, "axis": "y", "origin": [-0.25, 2.1, 4.1]},
			"faces": {
				"north": {"uv": [15, 15, 15.9, 15.9], "texture": "#carrot"},
				"east": {"uv": [15, 15, 15.9, 15.9], "texture": "#carrot"},
				"south": {"uv": [15, 15, 15.9, 15.9], "texture": "#carrot"},
				"west": {"uv": [15, 15, 15.9, 15.9], "texture": "#carrot"},
				"up": {"uv": [15, 15, 15.9, 15.9], "texture": "#carrot"},
				"down": {"uv": [15, 15, 15.9, 15.9], "texture": "#carrot"}
			}
		},
		{
			"name": "face",
			"from": [7.75, 3.15, 8.55],
			"to": [7.55, 4.35, 8.95],
			"rotation": {"angle": 0, "axis": "y", "origin": [-0.25, 2.1, 4.1]},
			"faces": {
				"north": {"uv": [15, 15, 15.9, 15.9], "texture": "#carrot"},
				"east": {"uv": [15, 15, 15.9, 15.9], "texture": "#carrot"},
				"south": {"uv": [15, 15, 15.9, 15.9], "texture": "#carrot"},
				"west": {"uv": [15, 15, 15.9, 15.9], "texture": "#carrot"},
				"up": {"uv": [15, 15, 15.9, 15.9], "texture": "#carrot"},
				"down": {"uv": [15, 15, 15.9, 15.9], "texture": "#carrot"}
			}
		},
		{
			"name": "face",
			"from": [7.75, 3.15, 9.15],
			"to": [7.55, 4.35, 9.55],
			"rotation": {"angle": 0, "axis": "y", "origin": [-0.25, 2.1, 4.1]},
			"faces": {
				"north": {"uv": [15, 15, 15.9, 15.9], "texture": "#carrot"},
				"east": {"uv": [15, 15, 15.9, 15.9], "texture": "#carrot"},
				"south": {"uv": [15, 15, 15.9, 15.9], "texture": "#carrot"},
				"west": {"uv": [15, 15, 15.9, 15.9], "texture": "#carrot"},
				"up": {"uv": [15, 15, 15.9, 15.9], "texture": "#carrot"},
				"down": {"uv": [15, 15, 15.9, 15.9], "texture": "#carrot"}
			}
		}
	],
	"display": {
		"thirdperson_righthand": {
			"translation": [-1, 6.25, 0]
		},
		"thirdperson_lefthand": {
			"rotation": [0, -180, 0],
			"translation": [-2.75, 5.5, 0]
		},
		"firstperson_righthand": {
			"rotation": [-11.75, 23.75, 0],
			"translation": [0, 8.5, 0]
		},
		"firstperson_lefthand": {
			"rotation": [0, 35, 0],
			"translation": [0, 9.5, 0.75]
		},
		"ground": {
			"translation": [-1.5, 4.25, 0]
		},
		"gui": {
			"rotation": [8, 72, 0],
			"translation": [-1.5, 5.25, 0],
			"scale": [1.5, 1.5, 1.5]
		},
		"head": {
			"rotation": [0, 91, 0],
			"translation": [0, 14.5, 2]
		},
		"fixed": {
			"rotation": [0, -93, 0],
			"translation": [0, 3.5, -3.5]
		}
	},
	"groups": [0, 1, 2, 3, 4, 5, 6, 7, 8, 9, 10, 11, 12, 13, 14, 15, 16, 17, 18, 19, 20, 21,
		{
			"name": "face",
			"origin": [-1.55, 3.5, 5.1],
			"color": 0,
			"children": [
				{
					"name": "group",
					"origin": [6.75, 0, 12.61973],
					"color": 0,
					"children": [22, 23, 24, 25, 26, 27, 28, 29, 30, 31]
				},
				{
					"name": "eye1",
					"origin": [-2.15, 6.75, 1.1],
					"rotation": [0, 0, 6],
					"color": 0,
					"children": []
				},
				{
					"name": "mouth",
					"origin": [-0.25, 0.1, -0.9],
					"color": 0,
					"children": []
				}
			]
		}
	]
}