{
	"credit": "Made with Blockbench",
	"parent": "block/crops/pbc/parent",
	"textures": {
		"1": "creatorlabs/food/carrot/normal/green",
		"particle": "creatorlabs/food/carrot/normal/green"
	},
	"elements": [
		{
			"name": "head",
			"from": [9.22611, -0.42718, 1.63696],
			"to": [10.62611, 0.97282, 3.03696],
			"rotation": {"angle": 0, "axis": "y", "origin": [-0.25, -7.35, -0.65]},
			"faces": {
				"north": {"uv": [2, 1, 3, 2], "texture": "#1"},
				"east": {"uv": [4, 1, 3, 2], "texture": "#1"},
				"south": {"uv": [4, 1, 3, 2], "texture": "#1"},
				"west": {"uv": [4, 1, 3, 2], "texture": "#1"},
				"up": {"uv": [4, 1, 3, 2], "texture": "#1"},
				"down": {"uv": [4, 1, 3, 2], "texture": "#1"}
			}
		},
		{
			"name": "head",
			"from": [7.42611, 0.32282, 1.93696],
			"to": [9.02611, 1.92282, 3.53696],
			"rotation": {"angle": 0, "axis": "y", "origin": [-0.25, -7.35, -0.65]},
			"faces": {
				"north": {"uv": [2, 1, 3, 2], "texture": "#1"},
				"east": {"uv": [4, 1, 3, 2], "texture": "#1"},
				"south": {"uv": [4, 1, 3, 2], "texture": "#1"},
				"west": {"uv": [4, 1, 3, 2], "texture": "#1"},
				"up": {"uv": [4, 1, 3, 2], "texture": "#1"},
				"down": {"uv": [4, 1, 3, 2], "texture": "#1"}
			}
		},
		{
			"name": "head",
			"from": [10.87389, 0.32282, 1.93696],
			"to": [12.47389, 1.92282, 3.53696],
			"shade": false,
			"rotation": {"angle": 0, "axis": "y", "origin": [0.25, -7.35, -0.65]},
			"faces": {
				"north": {"uv": [4, 1, 3, 2], "texture": "#1"},
				"east": {"uv": [4, 1, 3, 2], "texture": "#1"},
				"south": {"uv": [4, 1, 3, 2], "texture": "#1"},
				"west": {"uv": [4, 1, 3, 2], "texture": "#1"},
				"up": {"uv": [4, 1, 3, 2], "texture": "#1"},
				"down": {"uv": [4, 1, 3, 2], "texture": "#1"}
			}
		},
		{
			"name": "head",
			"from": [10.83389, 0.33282, 2.94696],
			"to": [12.41389, 1.91282, 4.52696],
			"shade": false,
			"rotation": {"angle": 0, "axis": "y", "origin": [0.25, -7.35, -0.65]},
			"faces": {
				"north": {"uv": [4, 1, 3, 2], "texture": "#1"},
				"east": {"uv": [4, 1, 3, 2], "texture": "#1"},
				"south": {"uv": [4, 1, 3, 2], "texture": "#1"},
				"west": {"uv": [4, 1, 3, 2], "texture": "#1"},
				"up": {"uv": [4, 1, 3, 2], "texture": "#1"},
				"down": {"uv": [4, 1, 3, 2], "texture": "#1"}
			}
		},
		{
			"name": "head",
			"from": [7.43389, 0.33282, 2.94696],
			"to": [9.01389, 1.91282, 4.52696],
			"shade": false,
			"rotation": {"angle": 0, "axis": "y", "origin": [0.25, -7.35, -0.65]},
			"faces": {
				"north": {"uv": [4, 1, 3, 2], "texture": "#1"},
				"east": {"uv": [4, 1, 3, 2], "texture": "#1"},
				"south": {"uv": [4, 1, 3, 2], "texture": "#1"},
				"west": {"uv": [4, 1, 3, 2], "texture": "#1"},
				"up": {"uv": [4, 1, 3, 2], "texture": "#1"},
				"down": {"uv": [4, 1, 3, 2], "texture": "#1"}
			}
		},
		{
			"name": "head",
			"from": [8.07611, -0.42718, 2.03696],
			"to": [9.47611, 0.97282, 5.43696],
			"rotation": {"angle": 0, "axis": "y", "origin": [-0.25, -7.35, -0.65]},
			"faces": {
				"north": {"uv": [2, 1, 3, 2], "texture": "#1"},
				"east": {"uv": [4, 1, 3, 2], "texture": "#1"},
				"south": {"uv": [4, 1, 3, 2], "texture": "#1"},
				"west": {"uv": [4, 1, 3, 2], "texture": "#1"},
				"up": {"uv": [4, 1, 3, 2], "texture": "#1"},
				"down": {"uv": [4, 1, 3, 2], "texture": "#1"}
			}
		},
		{
			"name": "head",
			"from": [7.42611, 0.32282, 3.93696],
			"to": [9.02611, 1.92282, 5.53696],
			"rotation": {"angle": 0, "axis": "y", "origin": [-0.25, -7.35, -0.65]},
			"faces": {
				"north": {"uv": [2, 1, 3, 2], "texture": "#1"},
				"east": {"uv": [4, 1, 3, 2], "texture": "#1"},
				"south": {"uv": [4, 1, 3, 2], "texture": "#1"},
				"west": {"uv": [4, 1, 3, 2], "texture": "#1"},
				"up": {"uv": [4, 1, 3, 2], "texture": "#1"},
				"down": {"uv": [4, 1, 3, 2], "texture": "#1"}
			}
		},
		{
			"name": "head",
			"from": [10.87389, 0.32282, 3.93696],
			"to": [12.47389, 1.92282, 5.53696],
			"shade": false,
			"rotation": {"angle": 0, "axis": "y", "origin": [0.25, -7.35, -0.65]},
			"faces": {
				"north": {"uv": [4, 1, 3, 2], "texture": "#1"},
				"east": {"uv": [4, 1, 3, 2], "texture": "#1"},
				"south": {"uv": [4, 1, 3, 2], "texture": "#1"},
				"west": {"uv": [4, 1, 3, 2], "texture": "#1"},
				"up": {"uv": [4, 1, 3, 2], "texture": "#1"},
				"down": {"uv": [4, 1, 3, 2], "texture": "#1"}
			}
		},
		{
			"name": "head",
			"from": [10.42389, -0.42718, 2.03696],
			"to": [11.82389, 0.97282, 5.43696],
			"shade": false,
			"rotation": {"angle": 0, "axis": "y", "origin": [0.25, -7.35, -0.65]},
			"faces": {
				"north": {"uv": [4, 1, 3, 2], "texture": "#1"},
				"east": {"uv": [4, 1, 3, 2], "texture": "#1"},
				"south": {"uv": [4, 1, 3, 2], "texture": "#1"},
				"west": {"uv": [4, 1, 3, 2], "texture": "#1"},
				"up": {"uv": [4, 1, 3, 2], "texture": "#1"},
				"down": {"uv": [4, 1, 3, 2], "texture": "#1"}
			}
		},
		{
			"name": "head",
			"from": [8.92611, 0.27282, 4.28696],
			"to": [10.92611, 2.27282, 6.28696],
			"rotation": {"angle": 0, "axis": "y", "origin": [-0.25, -7.35, -0.65]},
			"faces": {
				"north": {"uv": [2, 1, 3, 2], "texture": "#1"},
				"east": {"uv": [4, 1, 3, 2], "texture": "#1"},
				"south": {"uv": [4, 1, 3, 2], "texture": "#1"},
				"west": {"uv": [4, 1, 3, 2], "texture": "#1"},
				"up": {"uv": [4, 1, 3, 2], "texture": "#1"},
				"down": {"uv": [4, 1, 3, 2], "texture": "#1"}
			}
		},
		{
			"name": "head",
			"from": [9.22611, -0.32718, 3.08696],
			"to": [10.62611, 1.07282, 4.48696],
			"rotation": {"angle": 0, "axis": "y", "origin": [-0.25, -7.35, -0.65]},
			"faces": {
				"north": {"uv": [2, 1, 3, 2], "texture": "#1"},
				"east": {"uv": [4, 1, 3, 2], "texture": "#1"},
				"south": {"uv": [4, 1, 3, 2], "texture": "#1"},
				"west": {"uv": [4, 1, 3, 2], "texture": "#1"},
				"up": {"uv": [4, 1, 3, 2], "texture": "#1"},
				"down": {"uv": [4, 1, 3, 2], "texture": "#1"}
			}
		},
		{
			"name": "head",
			"from": [9.22611, -0.42718, 4.53696],
			"to": [10.62611, 0.97282, 5.93696],
			"rotation": {"angle": 0, "axis": "y", "origin": [-0.25, -7.35, -0.65]},
			"faces": {
				"north": {"uv": [2, 1, 3, 2], "texture": "#1"},
				"east": {"uv": [4, 1, 3, 2], "texture": "#1"},
				"south": {"uv": [4, 1, 3, 2], "texture": "#1"},
				"west": {"uv": [4, 1, 3, 2], "texture": "#1"},
				"up": {"uv": [4, 1, 3, 2], "texture": "#1"},
				"down": {"uv": [4, 1, 3, 2], "texture": "#1"}
			}
		},
		{
			"name": "head",
			"from": [8.92611, 0.27282, 1.18696],
			"to": [10.92611, 2.27282, 3.18696],
			"rotation": {"angle": 0, "axis": "y", "origin": [-0.25, -7.35, -0.65]},
			"faces": {
				"north": {"uv": [2, 1, 3, 2], "texture": "#1"},
				"east": {"uv": [4, 1, 3, 2], "texture": "#1"},
				"south": {"uv": [4, 1, 3, 2], "texture": "#1"},
				"west": {"uv": [4, 1, 3, 2], "texture": "#1"},
				"up": {"uv": [4, 1, 3, 2], "texture": "#1"},
				"down": {"uv": [4, 1, 3, 2], "texture": "#1"}
			}
		},
		{
			"name": "head",
			"from": [4.42611, 0.32282, 11.93696],
			"to": [6.02611, 1.92282, 13.53696],
			"rotation": {"angle": 0, "axis": "y", "origin": [-0.25, -7.35, -0.65]},
			"faces": {
				"north": {"uv": [2, 1, 3, 2], "texture": "#1"},
				"east": {"uv": [4, 1, 3, 2], "texture": "#1"},
				"south": {"uv": [4, 1, 3, 2], "texture": "#1"},
				"west": {"uv": [4, 1, 3, 2], "texture": "#1"},
				"up": {"uv": [4, 1, 3, 2], "texture": "#1"},
				"down": {"uv": [4, 1, 3, 2], "texture": "#1"}
			}
		},
		{
			"name": "head",
			"from": [5.92611, 0.27282, 9.18696],
			"to": [7.92611, 2.27282, 11.18696],
			"rotation": {"angle": 0, "axis": "y", "origin": [-0.25, -7.35, -0.65]},
			"faces": {
				"north": {"uv": [2, 1, 3, 2], "texture": "#1"},
				"east": {"uv": [4, 1, 3, 2], "texture": "#1"},
				"south": {"uv": [4, 1, 3, 2], "texture": "#1"},
				"west": {"uv": [4, 1, 3, 2], "texture": "#1"},
				"up": {"uv": [4, 1, 3, 2], "texture": "#1"},
				"down": {"uv": [4, 1, 3, 2], "texture": "#1"}
			}
		},
		{
			"name": "head",
			"from": [6.22611, -0.42718, 9.63696],
			"to": [7.62611, 0.97282, 11.03696],
			"rotation": {"angle": 0, "axis": "y", "origin": [-0.25, -7.35, -0.65]},
			"faces": {
				"north": {"uv": [2, 1, 3, 2], "texture": "#1"},
				"east": {"uv": [4, 1, 3, 2], "texture": "#1"},
				"south": {"uv": [4, 1, 3, 2], "texture": "#1"},
				"west": {"uv": [4, 1, 3, 2], "texture": "#1"},
				"up": {"uv": [4, 1, 3, 2], "texture": "#1"},
				"down": {"uv": [4, 1, 3, 2], "texture": "#1"}
			}
		},
		{
			"name": "head",
			"from": [4.42611, 0.32282, 9.93696],
			"to": [6.02611, 1.92282, 11.53696],
			"rotation": {"angle": 0, "axis": "y", "origin": [-0.25, -7.35, -0.65]},
			"faces": {
				"north": {"uv": [2, 1, 3, 2], "texture": "#1"},
				"east": {"uv": [4, 1, 3, 2], "texture": "#1"},
				"south": {"uv": [4, 1, 3, 2], "texture": "#1"},
				"west": {"uv": [4, 1, 3, 2], "texture": "#1"},
				"up": {"uv": [4, 1, 3, 2], "texture": "#1"},
				"down": {"uv": [4, 1, 3, 2], "texture": "#1"}
			}
		},
		{
			"name": "head",
			"from": [7.87389, 0.32282, 9.93696],
			"to": [9.47389, 1.92282, 11.53696],
			"shade": false,
			"rotation": {"angle": 0, "axis": "y", "origin": [0.25, -7.35, -0.65]},
			"faces": {
				"north": {"uv": [4, 1, 3, 2], "texture": "#1"},
				"east": {"uv": [4, 1, 3, 2], "texture": "#1"},
				"south": {"uv": [4, 1, 3, 2], "texture": "#1"},
				"west": {"uv": [4, 1, 3, 2], "texture": "#1"},
				"up": {"uv": [4, 1, 3, 2], "texture": "#1"},
				"down": {"uv": [4, 1, 3, 2], "texture": "#1"}
			}
		},
		{
			"name": "head",
			"from": [7.83389, 0.33282, 10.94696],
			"to": [9.41389, 1.91282, 12.52696],
			"shade": false,
			"rotation": {"angle": 0, "axis": "y", "origin": [0.25, -7.35, -0.65]},
			"faces": {
				"north": {"uv": [4, 1, 3, 2], "texture": "#1"},
				"east": {"uv": [4, 1, 3, 2], "texture": "#1"},
				"south": {"uv": [4, 1, 3, 2], "texture": "#1"},
				"west": {"uv": [4, 1, 3, 2], "texture": "#1"},
				"up": {"uv": [4, 1, 3, 2], "texture": "#1"},
				"down": {"uv": [4, 1, 3, 2], "texture": "#1"}
			}
		},
		{
			"name": "head",
			"from": [4.43389, 0.33282, 10.94696],
			"to": [6.01389, 1.91282, 12.52696],
			"shade": false,
			"rotation": {"angle": 0, "axis": "y", "origin": [0.25, -7.35, -0.65]},
			"faces": {
				"north": {"uv": [4, 1, 3, 2], "texture": "#1"},
				"east": {"uv": [4, 1, 3, 2], "texture": "#1"},
				"south": {"uv": [4, 1, 3, 2], "texture": "#1"},
				"west": {"uv": [4, 1, 3, 2], "texture": "#1"},
				"up": {"uv": [4, 1, 3, 2], "texture": "#1"},
				"down": {"uv": [4, 1, 3, 2], "texture": "#1"}
			}
		},
		{
			"name": "head",
			"from": [5.07611, -0.42718, 10.03696],
			"to": [6.47611, 0.97282, 13.43696],
			"rotation": {"angle": 0, "axis": "y", "origin": [-0.25, -7.35, -0.65]},
			"faces": {
				"north": {"uv": [2, 1, 3, 2], "texture": "#1"},
				"east": {"uv": [4, 1, 3, 2], "texture": "#1"},
				"south": {"uv": [4, 1, 3, 2], "texture": "#1"},
				"west": {"uv": [4, 1, 3, 2], "texture": "#1"},
				"up": {"uv": [4, 1, 3, 2], "texture": "#1"},
				"down": {"uv": [4, 1, 3, 2], "texture": "#1"}
			}
		},
		{
			"name": "head",
			"from": [7.87389, 0.32282, 11.93696],
			"to": [9.47389, 1.92282, 13.53696],
			"shade": false,
			"rotation": {"angle": 0, "axis": "y", "origin": [0.25, -7.35, -0.65]},
			"faces": {
				"north": {"uv": [4, 1, 3, 2], "texture": "#1"},
				"east": {"uv": [4, 1, 3, 2], "texture": "#1"},
				"south": {"uv": [4, 1, 3, 2], "texture": "#1"},
				"west": {"uv": [4, 1, 3, 2], "texture": "#1"},
				"up": {"uv": [4, 1, 3, 2], "texture": "#1"},
				"down": {"uv": [4, 1, 3, 2], "texture": "#1"}
			}
		},
		{
			"name": "head",
			"from": [7.42389, -0.42718, 10.03696],
			"to": [8.82389, 0.97282, 13.43696],
			"shade": false,
			"rotation": {"angle": 0, "axis": "y", "origin": [0.25, -7.35, -0.65]},
			"faces": {
				"north": {"uv": [4, 1, 3, 2], "texture": "#1"},
				"east": {"uv": [4, 1, 3, 2], "texture": "#1"},
				"south": {"uv": [4, 1, 3, 2], "texture": "#1"},
				"west": {"uv": [4, 1, 3, 2], "texture": "#1"},
				"up": {"uv": [4, 1, 3, 2], "texture": "#1"},
				"down": {"uv": [4, 1, 3, 2], "texture": "#1"}
			}
		},
		{
			"name": "head",
			"from": [5.92611, 0.27282, 12.28696],
			"to": [7.92611, 2.27282, 14.28696],
			"rotation": {"angle": 0, "axis": "y", "origin": [-0.25, -7.35, -0.65]},
			"faces": {
				"north": {"uv": [2, 1, 3, 2], "texture": "#1"},
				"east": {"uv": [4, 1, 3, 2], "texture": "#1"},
				"south": {"uv": [4, 1, 3, 2], "texture": "#1"},
				"west": {"uv": [4, 1, 3, 2], "texture": "#1"},
				"up": {"uv": [4, 1, 3, 2], "texture": "#1"},
				"down": {"uv": [4, 1, 3, 2], "texture": "#1"}
			}
		},
		{
			"name": "head",
			"from": [6.22611, -0.32718, 11.08696],
			"to": [7.62611, 1.07282, 12.48696],
			"rotation": {"angle": 0, "axis": "y", "origin": [-0.25, -7.35, -0.65]},
			"faces": {
				"north": {"uv": [2, 1, 3, 2], "texture": "#1"},
				"east": {"uv": [4, 1, 3, 2], "texture": "#1"},
				"south": {"uv": [4, 1, 3, 2], "texture": "#1"},
				"west": {"uv": [4, 1, 3, 2], "texture": "#1"},
				"up": {"uv": [4, 1, 3, 2], "texture": "#1"},
				"down": {"uv": [4, 1, 3, 2], "texture": "#1"}
			}
		},
		{
			"name": "head",
			"from": [6.22611, -0.42718, 12.53696],
			"to": [7.62611, 0.97282, 13.93696],
			"rotation": {"angle": 0, "axis": "y", "origin": [-0.25, -7.35, -0.65]},
			"faces": {
				"north": {"uv": [2, 1, 3, 2], "texture": "#1"},
				"east": {"uv": [4, 1, 3, 2], "texture": "#1"},
				"south": {"uv": [4, 1, 3, 2], "texture": "#1"},
				"west": {"uv": [4, 1, 3, 2], "texture": "#1"},
				"up": {"uv": [4, 1, 3, 2], "texture": "#1"},
				"down": {"uv": [4, 1, 3, 2], "texture": "#1"}
			}
		}
	]
}