{
	"credit": "Made with Blockbench",
	"parent": "block/crops/pbc/parent",
	"textures": {
		"2": "creatorlabs/crops/green",
		"particle": "creatorlabs/food/carrot/normal/carrot",
		"carrot": "creatorlabs/food/carrot/normal/carrot"
	},
	"elements": [
		{
			"name": "head",
			"from": [10.87389, 4.52282, 1.93696],
			"to": [12.47389, 6.12282, 3.53696],
			"shade": false,
			"rotation": {"angle": 0, "axis": "y", "origin": [0.25, -7.35, -0.65]},
			"faces": {
				"north": {"uv": [4, 1, 3, 2], "texture": "#2"},
				"east": {"uv": [4, 1, 5, 2], "texture": "#2"},
				"south": {"uv": [4, 1, 5, 2], "texture": "#2"},
				"west": {"uv": [4, 1, 5, 2], "texture": "#2"},
				"up": {"uv": [4, 1, 5, 2], "texture": "#2"},
				"down": {"uv": [4, 1, 5, 2], "texture": "#2"}
			}
		},
		{
			"name": "head",
			"from": [9.22611, 3.77282, 1.63696],
			"to": [10.62611, 5.17282, 3.03696],
			"rotation": {"angle": 0, "axis": "y", "origin": [-0.25, -7.35, -0.65]},
			"faces": {
				"north": {"uv": [4, 1, 5, 2], "texture": "#2"},
				"east": {"uv": [4, 1, 5, 2], "texture": "#2"},
				"south": {"uv": [4, 1, 5, 2], "texture": "#2"},
				"west": {"uv": [4, 1, 5, 2], "texture": "#2"},
				"up": {"uv": [4, 1, 5, 2], "texture": "#2"},
				"down": {"uv": [4, 1, 5, 2], "texture": "#2"}
			}
		},
		{
			"name": "head",
			"from": [7.42611, 4.52282, 1.93696],
			"to": [9.02611, 6.12282, 3.53696],
			"rotation": {"angle": 0, "axis": "y", "origin": [-0.25, -7.35, -0.65]},
			"faces": {
				"north": {"uv": [4, 1, 5, 2], "texture": "#2"},
				"east": {"uv": [4, 1, 5, 2], "texture": "#2"},
				"south": {"uv": [4, 1, 5, 2], "texture": "#2"},
				"west": {"uv": [4, 1, 5, 2], "texture": "#2"},
				"up": {"uv": [4, 1, 5, 2], "texture": "#2"},
				"down": {"uv": [4, 1, 5, 2], "texture": "#2"}
			}
		},
		{
			"name": "head",
			"from": [10.83389, 4.53282, 2.94696],
			"to": [12.41389, 6.11282, 4.52696],
			"shade": false,
			"rotation": {"angle": 0, "axis": "y", "origin": [0.25, -7.35, -0.65]},
			"faces": {
				"north": {"uv": [4, 1, 3, 2], "texture": "#2"},
				"east": {"uv": [4, 1, 5, 2], "texture": "#2"},
				"south": {"uv": [4, 1, 5, 2], "texture": "#2"},
				"west": {"uv": [4, 1, 5, 2], "texture": "#2"},
				"up": {"uv": [4, 1, 5, 2], "texture": "#2"},
				"down": {"uv": [4, 1, 5, 2], "texture": "#2"}
			}
		},
		{
			"name": "head",
			"from": [7.43389, 4.53282, 2.94696],
			"to": [9.01389, 6.11282, 4.52696],
			"shade": false,
			"rotation": {"angle": 0, "axis": "y", "origin": [0.25, -7.35, -0.65]},
			"faces": {
				"north": {"uv": [4, 1, 3, 2], "texture": "#2"},
				"east": {"uv": [4, 1, 5, 2], "texture": "#2"},
				"south": {"uv": [4, 1, 5, 2], "texture": "#2"},
				"west": {"uv": [4, 1, 5, 2], "texture": "#2"},
				"up": {"uv": [4, 1, 5, 2], "texture": "#2"},
				"down": {"uv": [4, 1, 5, 2], "texture": "#2"}
			}
		},
		{
			"name": "head",
			"from": [8.07611, 3.77282, 2.03696],
			"to": [9.47611, 5.17282, 5.43696],
			"rotation": {"angle": 0, "axis": "y", "origin": [-0.25, -7.35, -0.65]},
			"faces": {
				"north": {"uv": [4, 1, 5, 2], "texture": "#2"},
				"east": {"uv": [4, 1, 5, 2], "texture": "#2"},
				"south": {"uv": [4, 1, 5, 2], "texture": "#2"},
				"west": {"uv": [4, 1, 5, 2], "texture": "#2"},
				"up": {"uv": [4, 1, 5, 2], "texture": "#2"},
				"down": {"uv": [4, 1, 5, 2], "texture": "#2"}
			}
		},
		{
			"name": "head",
			"from": [7.42611, 4.52282, 3.93696],
			"to": [9.02611, 6.12282, 5.53696],
			"rotation": {"angle": 0, "axis": "y", "origin": [-0.25, -7.35, -0.65]},
			"faces": {
				"north": {"uv": [4, 1, 5, 2], "texture": "#2"},
				"east": {"uv": [4, 1, 5, 2], "texture": "#2"},
				"south": {"uv": [4, 1, 5, 2], "texture": "#2"},
				"west": {"uv": [4, 1, 5, 2], "texture": "#2"},
				"up": {"uv": [4, 1, 5, 2], "texture": "#2"},
				"down": {"uv": [4, 1, 5, 2], "texture": "#2"}
			}
		},
		{
			"name": "head",
			"from": [10.87389, 4.52282, 3.93696],
			"to": [12.47389, 6.12282, 5.53696],
			"shade": false,
			"rotation": {"angle": 0, "axis": "y", "origin": [0.25, -7.35, -0.65]},
			"faces": {
				"north": {"uv": [4, 1, 3, 2], "texture": "#2"},
				"east": {"uv": [4, 1, 5, 2], "texture": "#2"},
				"south": {"uv": [4, 1, 5, 2], "texture": "#2"},
				"west": {"uv": [4, 1, 5, 2], "texture": "#2"},
				"up": {"uv": [4, 1, 5, 2], "texture": "#2"},
				"down": {"uv": [4, 1, 5, 2], "texture": "#2"}
			}
		},
		{
			"name": "head",
			"from": [10.42389, 3.77282, 2.03696],
			"to": [11.82389, 5.17282, 5.43696],
			"shade": false,
			"rotation": {"angle": 0, "axis": "y", "origin": [0.25, -7.35, -0.65]},
			"faces": {
				"north": {"uv": [4, 1, 3, 2], "texture": "#2"},
				"east": {"uv": [4, 1, 5, 2], "texture": "#2"},
				"south": {"uv": [4, 1, 5, 2], "texture": "#2"},
				"west": {"uv": [4, 1, 5, 2], "texture": "#2"},
				"up": {"uv": [4, 1, 5, 2], "texture": "#2"},
				"down": {"uv": [4, 1, 5, 2], "texture": "#2"}
			}
		},
		{
			"name": "head",
			"from": [8.92611, 4.47282, 4.28696],
			"to": [10.92611, 6.47282, 6.28696],
			"rotation": {"angle": 0, "axis": "y", "origin": [-0.25, -7.35, -0.65]},
			"faces": {
				"north": {"uv": [4, 1, 5, 2], "texture": "#2"},
				"east": {"uv": [4, 1, 5, 2], "texture": "#2"},
				"south": {"uv": [4, 1, 5, 2], "texture": "#2"},
				"west": {"uv": [4, 1, 5, 2], "texture": "#2"},
				"up": {"uv": [4, 1, 5, 2], "texture": "#2"},
				"down": {"uv": [4, 1, 5, 2], "texture": "#2"}
			}
		},
		{
			"name": "head",
			"from": [9.22611, 3.87282, 3.08696],
			"to": [10.62611, 5.27282, 4.48696],
			"rotation": {"angle": 0, "axis": "y", "origin": [-0.25, -7.35, -0.65]},
			"faces": {
				"north": {"uv": [4, 1, 5, 2], "texture": "#2"},
				"east": {"uv": [4, 1, 5, 2], "texture": "#2"},
				"south": {"uv": [4, 1, 5, 2], "texture": "#2"},
				"west": {"uv": [4, 1, 5, 2], "texture": "#2"},
				"up": {"uv": [4, 1, 5, 2], "texture": "#2"},
				"down": {"uv": [4, 1, 5, 2], "texture": "#2"}
			}
		},
		{
			"name": "head",
			"from": [9.22611, 3.77282, 4.53696],
			"to": [10.62611, 5.17282, 5.93696],
			"rotation": {"angle": 0, "axis": "y", "origin": [-0.25, -7.35, -0.65]},
			"faces": {
				"north": {"uv": [4, 1, 5, 2], "texture": "#2"},
				"east": {"uv": [4, 1, 5, 2], "texture": "#2"},
				"south": {"uv": [4, 1, 5, 2], "texture": "#2"},
				"west": {"uv": [4, 1, 5, 2], "texture": "#2"},
				"up": {"uv": [4, 1, 5, 2], "texture": "#2"},
				"down": {"uv": [4, 1, 5, 2], "texture": "#2"}
			}
		},
		{
			"name": "head",
			"from": [8.92611, 4.47282, 1.18696],
			"to": [10.92611, 6.47282, 3.18696],
			"rotation": {"angle": 0, "axis": "y", "origin": [-0.25, -7.35, -0.65]},
			"faces": {
				"north": {"uv": [4, 1, 5, 2], "texture": "#2"},
				"east": {"uv": [4, 1, 5, 2], "texture": "#2"},
				"south": {"uv": [4, 1, 5, 2], "texture": "#2"},
				"west": {"uv": [4, 1, 5, 2], "texture": "#2"},
				"up": {"uv": [4, 1, 5, 2], "texture": "#2"},
				"down": {"uv": [4, 1, 5, 2], "texture": "#2"}
			}
		},
		{
			"name": "head",
			"from": [4.42611, 2.62282, 11.93696],
			"to": [6.02611, 4.22282, 13.53696],
			"rotation": {"angle": 0, "axis": "x", "origin": [-0.25, -9.25, -0.65]},
			"faces": {
				"north": {"uv": [4, 1, 5, 2], "texture": "#2"},
				"east": {"uv": [4, 1, 5, 2], "texture": "#2"},
				"south": {"uv": [4, 1, 5, 2], "texture": "#2"},
				"west": {"uv": [4, 1, 5, 2], "texture": "#2"},
				"up": {"uv": [4, 1, 5, 2], "texture": "#2"},
				"down": {"uv": [4, 1, 5, 2], "texture": "#2"}
			}
		},
		{
			"name": "head",
			"from": [5.92611, 2.57282, 9.18696],
			"to": [7.92611, 4.57282, 11.18696],
			"rotation": {"angle": 0, "axis": "x", "origin": [-0.25, -9.25, -0.65]},
			"faces": {
				"north": {"uv": [4, 1, 5, 2], "texture": "#2"},
				"east": {"uv": [4, 1, 5, 2], "texture": "#2"},
				"south": {"uv": [4, 1, 5, 2], "texture": "#2"},
				"west": {"uv": [4, 1, 5, 2], "texture": "#2"},
				"up": {"uv": [4, 1, 5, 2], "texture": "#2"},
				"down": {"uv": [4, 1, 5, 2], "texture": "#2"}
			}
		},
		{
			"name": "head",
			"from": [6.22611, 1.87282, 9.63696],
			"to": [7.62611, 3.27282, 11.03696],
			"rotation": {"angle": 0, "axis": "x", "origin": [-0.25, -9.25, -0.65]},
			"faces": {
				"north": {"uv": [4, 1, 5, 2], "texture": "#2"},
				"east": {"uv": [4, 1, 5, 2], "texture": "#2"},
				"south": {"uv": [4, 1, 5, 2], "texture": "#2"},
				"west": {"uv": [4, 1, 5, 2], "texture": "#2"},
				"up": {"uv": [4, 1, 5, 2], "texture": "#2"},
				"down": {"uv": [4, 1, 5, 2], "texture": "#2"}
			}
		},
		{
			"name": "head",
			"from": [4.42611, 2.62282, 9.93696],
			"to": [6.02611, 4.22282, 11.53696],
			"rotation": {"angle": 0, "axis": "x", "origin": [-0.25, -9.25, -0.65]},
			"faces": {
				"north": {"uv": [4, 1, 5, 2], "texture": "#2"},
				"east": {"uv": [4, 1, 5, 2], "texture": "#2"},
				"south": {"uv": [4, 1, 5, 2], "texture": "#2"},
				"west": {"uv": [4, 1, 5, 2], "texture": "#2"},
				"up": {"uv": [4, 1, 5, 2], "texture": "#2"},
				"down": {"uv": [4, 1, 5, 2], "texture": "#2"}
			}
		},
		{
			"name": "head",
			"from": [7.87389, 2.62282, 9.93696],
			"to": [9.47389, 4.22282, 11.53696],
			"shade": false,
			"rotation": {"angle": 0, "axis": "x", "origin": [0.25, -9.25, -0.65]},
			"faces": {
				"north": {"uv": [4, 1, 3, 2], "texture": "#2"},
				"east": {"uv": [4, 1, 5, 2], "texture": "#2"},
				"south": {"uv": [4, 1, 5, 2], "texture": "#2"},
				"west": {"uv": [4, 1, 5, 2], "texture": "#2"},
				"up": {"uv": [4, 1, 5, 2], "texture": "#2"},
				"down": {"uv": [4, 1, 5, 2], "texture": "#2"}
			}
		},
		{
			"name": "head",
			"from": [7.83389, 2.63282, 10.94696],
			"to": [9.41389, 4.21282, 12.52696],
			"shade": false,
			"rotation": {"angle": 0, "axis": "x", "origin": [0.25, -9.25, -0.65]},
			"faces": {
				"north": {"uv": [4, 1, 3, 2], "texture": "#2"},
				"east": {"uv": [4, 1, 5, 2], "texture": "#2"},
				"south": {"uv": [4, 1, 5, 2], "texture": "#2"},
				"west": {"uv": [4, 1, 5, 2], "texture": "#2"},
				"up": {"uv": [4, 1, 5, 2], "texture": "#2"},
				"down": {"uv": [4, 1, 5, 2], "texture": "#2"}
			}
		},
		{
			"name": "head",
			"from": [4.43389, 2.63282, 10.94696],
			"to": [6.01389, 4.21282, 12.52696],
			"shade": false,
			"rotation": {"angle": 0, "axis": "x", "origin": [0.25, -9.25, -0.65]},
			"faces": {
				"north": {"uv": [4, 1, 3, 2], "texture": "#2"},
				"east": {"uv": [4, 1, 5, 2], "texture": "#2"},
				"south": {"uv": [4, 1, 5, 2], "texture": "#2"},
				"west": {"uv": [4, 1, 5, 2], "texture": "#2"},
				"up": {"uv": [4, 1, 5, 2], "texture": "#2"},
				"down": {"uv": [4, 1, 5, 2], "texture": "#2"}
			}
		},
		{
			"name": "head",
			"from": [5.07611, 1.87282, 10.03696],
			"to": [6.47611, 3.27282, 13.43696],
			"rotation": {"angle": 0, "axis": "x", "origin": [-0.25, -9.25, -0.65]},
			"faces": {
				"north": {"uv": [4, 1, 5, 2], "texture": "#2"},
				"east": {"uv": [4, 1, 5, 2], "texture": "#2"},
				"south": {"uv": [4, 1, 5, 2], "texture": "#2"},
				"west": {"uv": [4, 1, 5, 2], "texture": "#2"},
				"up": {"uv": [4, 1, 5, 2], "texture": "#2"},
				"down": {"uv": [4, 1, 5, 2], "texture": "#2"}
			}
		},
		{
			"name": "head",
			"from": [7.87389, 2.62282, 11.93696],
			"to": [9.47389, 4.22282, 13.53696],
			"shade": false,
			"rotation": {"angle": 0, "axis": "x", "origin": [0.25, -9.25, -0.65]},
			"faces": {
				"north": {"uv": [4, 1, 3, 2], "texture": "#2"},
				"east": {"uv": [4, 1, 5, 2], "texture": "#2"},
				"south": {"uv": [4, 1, 5, 2], "texture": "#2"},
				"west": {"uv": [4, 1, 5, 2], "texture": "#2"},
				"up": {"uv": [4, 1, 5, 2], "texture": "#2"},
				"down": {"uv": [4, 1, 5, 2], "texture": "#2"}
			}
		},
		{
			"name": "head",
			"from": [7.42389, 1.87282, 10.03696],
			"to": [8.82389, 3.27282, 13.43696],
			"shade": false,
			"rotation": {"angle": 0, "axis": "x", "origin": [0.25, -9.25, -0.65]},
			"faces": {
				"north": {"uv": [4, 1, 3, 2], "texture": "#2"},
				"east": {"uv": [4, 1, 5, 2], "texture": "#2"},
				"south": {"uv": [4, 1, 5, 2], "texture": "#2"},
				"west": {"uv": [4, 1, 5, 2], "texture": "#2"},
				"up": {"uv": [4, 1, 5, 2], "texture": "#2"},
				"down": {"uv": [4, 1, 5, 2], "texture": "#2"}
			}
		},
		{
			"name": "head",
			"from": [5.92611, 2.57282, 12.28696],
			"to": [7.92611, 4.57282, 14.28696],
			"rotation": {"angle": 0, "axis": "x", "origin": [-0.25, -9.25, -0.65]},
			"faces": {
				"north": {"uv": [4, 1, 5, 2], "texture": "#2"},
				"east": {"uv": [4, 1, 5, 2], "texture": "#2"},
				"south": {"uv": [4, 1, 5, 2], "texture": "#2"},
				"west": {"uv": [4, 1, 5, 2], "texture": "#2"},
				"up": {"uv": [4, 1, 5, 2], "texture": "#2"},
				"down": {"uv": [4, 1, 5, 2], "texture": "#2"}
			}
		},
		{
			"name": "head",
			"from": [6.22611, 1.97282, 11.08696],
			"to": [7.62611, 3.37282, 12.48696],
			"rotation": {"angle": 0, "axis": "x", "origin": [-0.25, -9.25, -0.65]},
			"faces": {
				"north": {"uv": [4, 1, 5, 2], "texture": "#2"},
				"east": {"uv": [4, 1, 5, 2], "texture": "#2"},
				"south": {"uv": [4, 1, 5, 2], "texture": "#2"},
				"west": {"uv": [4, 1, 5, 2], "texture": "#2"},
				"up": {"uv": [4, 1, 5, 2], "texture": "#2"},
				"down": {"uv": [4, 1, 5, 2], "texture": "#2"}
			}
		},
		{
			"name": "head",
			"from": [6.22611, 1.87282, 12.53696],
			"to": [7.62611, 3.27282, 13.93696],
			"rotation": {"angle": 0, "axis": "x", "origin": [-0.25, -9.25, -0.65]},
			"faces": {
				"north": {"uv": [4, 1, 5, 2], "texture": "#2"},
				"east": {"uv": [4, 1, 5, 2], "texture": "#2"},
				"south": {"uv": [4, 1, 5, 2], "texture": "#2"},
				"west": {"uv": [4, 1, 5, 2], "texture": "#2"},
				"up": {"uv": [4, 1, 5, 2], "texture": "#2"},
				"down": {"uv": [4, 1, 5, 2], "texture": "#2"}
			}
		},
		{
			"name": "Body",
			"from": [7.76304, -1.17718, 2.02611],
			"to": [8.76304, 3.82282, 5.42611],
			"rotation": {"angle": 0, "axis": "y", "origin": [-0.25, -0.1, -0.65]},
			"faces": {
				"north": {"uv": [6, 1, 10, 6], "texture": "#carrot"},
				"east": {"uv": [6, 1, 10, 6], "texture": "#carrot"},
				"south": {"uv": [6, 1, 10, 6], "texture": "#carrot"},
				"west": {"uv": [6, 1, 10, 6], "texture": "#carrot"},
				"up": {"uv": [0, 0, 4, 4], "texture": "#carrot"},
				"down": {"uv": [0, 0, 4, 4], "texture": "#carrot"}
			}
		},
		{
			"name": "Body",
			"from": [11.26304, -1.17718, 2.02611],
			"to": [12.26304, 3.82282, 5.42611],
			"rotation": {"angle": 0, "axis": "y", "origin": [-0.25, -0.1, -0.65]},
			"faces": {
				"north": {"uv": [6, 1, 10, 6], "texture": "#carrot"},
				"east": {"uv": [6, 1, 10, 6], "texture": "#carrot"},
				"south": {"uv": [6, 1, 10, 6], "texture": "#carrot"},
				"west": {"uv": [6, 1, 10, 6], "texture": "#carrot"},
				"up": {"uv": [0, 0, 4, 4], "texture": "#carrot"},
				"down": {"uv": [0, 0, 4, 4], "texture": "#carrot"}
			}
		},
		{
			"name": "Body",
			"from": [5.14362, -3.07718, 9.53277],
			"to": [8.54362, 1.92282, 10.53277],
			"rotation": {"angle": 0, "axis": "y", "origin": [6.75, 0, 12.61973]},
			"faces": {
				"north": {"uv": [6, 1, 10, 6], "texture": "#carrot"},
				"east": {"uv": [6, 1, 10, 6], "texture": "#carrot"},
				"south": {"uv": [6, 1, 10, 6], "texture": "#carrot"},
				"west": {"uv": [6, 1, 10, 6], "texture": "#carrot"},
				"up": {"uv": [0, 0, 4, 4], "rotation": 90, "texture": "#carrot"},
				"down": {"uv": [0, 0, 4, 4], "rotation": 270, "texture": "#carrot"}
			}
		},
		{
			"name": "Body",
			"from": [8.00669, -3.07718, 10.04362],
			"to": [9.00669, 1.92282, 13.44362],
			"rotation": {"angle": 0, "axis": "y", "origin": [6.75, 0, 12.61973]},
			"faces": {
				"north": {"uv": [6, 1, 10, 6], "texture": "#carrot"},
				"east": {"uv": [6, 1, 10, 6], "texture": "#carrot"},
				"south": {"uv": [6, 1, 10, 6], "texture": "#carrot"},
				"west": {"uv": [6, 1, 10, 6], "texture": "#carrot"},
				"up": {"uv": [0, 0, 4, 4], "rotation": 180, "texture": "#carrot"},
				"down": {"uv": [0, 0, 4, 4], "rotation": 180, "texture": "#carrot"}
			}
		},
		{
			"name": "Body",
			"from": [4.60669, -3.07718, 10.04362],
			"to": [5.60669, 1.92282, 13.44362],
			"rotation": {"angle": 0, "axis": "y", "origin": [6.75, 0, 12.61973]},
			"faces": {
				"north": {"uv": [6, 1, 10, 6], "texture": "#carrot"},
				"east": {"uv": [6, 1, 10, 6], "texture": "#carrot"},
				"south": {"uv": [6, 1, 10, 6], "texture": "#carrot"},
				"west": {"uv": [6, 1, 10, 6], "texture": "#carrot"},
				"up": {"uv": [0, 0, 4, 4], "rotation": 180, "texture": "#carrot"},
				"down": {"uv": [0, 0, 4, 4], "rotation": 180, "texture": "#carrot"}
			}
		},
		{
			"name": "Body",
			"from": [5.14362, -3.07718, 13.03277],
			"to": [8.14362, 1.92282, 14.03277],
			"rotation": {"angle": 0, "axis": "y", "origin": [6.75, 0, 12.61973]},
			"faces": {
				"north": {"uv": [6, 1, 10, 6], "texture": "#carrot"},
				"east": {"uv": [6, 1, 10, 6], "texture": "#carrot"},
				"south": {"uv": [6, 1, 10, 6], "texture": "#carrot"},
				"west": {"uv": [6, 1, 10, 6], "texture": "#carrot"},
				"up": {"uv": [0, 0, 4, 4], "rotation": 90, "texture": "#carrot"},
				"down": {"uv": [0, 0, 4, 4], "rotation": 270, "texture": "#carrot"}
			}
		},
		{
			"name": "Body",
			"from": [8.27389, -1.17718, 4.96304],
			"to": [11.67389, 3.82282, 5.96304],
			"rotation": {"angle": 0, "axis": "y", "origin": [-0.25, -0.1, -0.65]},
			"faces": {
				"north": {"uv": [6, 1, 10, 6], "texture": "#carrot"},
				"east": {"uv": [6, 1, 10, 6], "texture": "#carrot"},
				"south": {"uv": [6, 1, 10, 6], "texture": "#carrot"},
				"west": {"uv": [6, 1, 10, 6], "texture": "#carrot"},
				"up": {"uv": [0, 0, 4, 4], "rotation": 90, "texture": "#carrot"},
				"down": {"uv": [0, 0, 4, 4], "rotation": 270, "texture": "#carrot"}
			}
		},
		{
			"name": "Body",
			"from": [8.27389, -1.17718, 1.56304],
			"to": [11.67389, 3.82282, 2.56304],
			"rotation": {"angle": 0, "axis": "y", "origin": [-0.25, -0.1, -0.65]},
			"faces": {
				"north": {"uv": [6, 1, 10, 6], "texture": "#carrot"},
				"east": {"uv": [6, 1, 10, 6], "texture": "#carrot"},
				"south": {"uv": [6, 1, 10, 6], "texture": "#carrot"},
				"west": {"uv": [6, 1, 10, 6], "texture": "#carrot"},
				"up": {"uv": [0, 0, 4, 4], "rotation": 90, "texture": "#carrot"},
				"down": {"uv": [0, 0, 4, 4], "rotation": 270, "texture": "#carrot"}
			}
		},
		{
			"name": "Body",
			"from": [9.57389, -0.87718, 1.16304],
			"to": [10.57389, 0.12282, 2.66304],
			"rotation": {"angle": -45, "axis": "x", "origin": [-0.25, -0.1, -0.65]},
			"faces": {
				"north": {"uv": [6, 2, 5, 3], "texture": "#carrot"},
				"east": {"uv": [7, 2, 5, 3], "texture": "#carrot"},
				"south": {"uv": [6, 2, 5, 3], "texture": "#carrot"},
				"west": {"uv": [7, 2, 5, 3], "texture": "#carrot"},
				"up": {"uv": [8, 3, 7, 5], "texture": "#carrot"},
				"down": {"uv": [8, 3, 7, 5], "texture": "#carrot"}
			}
		},
		{
			"name": "Body",
			"from": [9.57389, -4.77718, 6.40669],
			"to": [10.57389, -3.77718, 7.90669],
			"rotation": {"angle": 45, "axis": "x", "origin": [-0.25, -0.1, 13.61973]},
			"faces": {
				"north": {"uv": [6, 2, 5, 3], "texture": "#carrot"},
				"east": {"uv": [7, 2, 5, 3], "texture": "#carrot"},
				"south": {"uv": [6, 2, 5, 3], "texture": "#carrot"},
				"west": {"uv": [7, 2, 5, 3], "texture": "#carrot"},
				"up": {"uv": [8, 3, 7, 5], "texture": "#carrot"},
				"down": {"uv": [8, 3, 7, 5], "texture": "#carrot"}
			}
		},
		{
			"name": "Body",
			"from": [14.38645, 0.08053, 11.34362],
			"to": [15.88645, 1.08053, 12.34362],
			"rotation": {"angle": 45, "axis": "z", "origin": [12.51388, -6.45433, 12.61973]},
			"faces": {
				"north": {"uv": [5, 2, 7, 3], "texture": "#carrot"},
				"east": {"uv": [5, 2, 6, 3], "texture": "#carrot"},
				"south": {"uv": [5, 2, 7, 3], "texture": "#carrot"},
				"west": {"uv": [5, 2, 6, 3], "texture": "#carrot"},
				"up": {"uv": [8, 5, 7, 3], "rotation": 90, "texture": "#carrot"},
				"down": {"uv": [8, 5, 7, 3], "rotation": 270, "texture": "#carrot"}
			}
		},
		{
			"name": "Body",
			"from": [-2.65067, 0.37257, 11.34362],
			"to": [-1.15067, 1.37257, 12.34362],
			"rotation": {"angle": -45, "axis": "z", "origin": [0.51447, -6.9, 12.61973]},
			"faces": {
				"north": {"uv": [7, 2, 5, 3], "texture": "#carrot"},
				"east": {"uv": [6, 2, 5, 3], "texture": "#carrot"},
				"south": {"uv": [7, 2, 5, 3], "texture": "#carrot"},
				"west": {"uv": [6, 2, 5, 3], "texture": "#carrot"},
				"up": {"uv": [8, 3, 7, 5], "rotation": 90, "texture": "#carrot"},
				"down": {"uv": [8, 3, 7, 5], "rotation": 270, "texture": "#carrot"}
			}
		},
		{
			"name": "face",
			"from": [7.73696, 2.85787, 3.58452],
			"to": [7.53696, 2.65787, 3.38452],
			"rotation": {"angle": 0, "axis": "y", "origin": [-0.25, -0.1, -0.9]},
			"faces": {
				"north": {"uv": [15, 15, 15.9, 15.9], "texture": "#carrot"},
				"east": {"uv": [15, 15, 15.9, 15.9], "texture": "#carrot"},
				"south": {"uv": [15, 15, 15.9, 15.9], "texture": "#carrot"},
				"west": {"uv": [15, 15, 15.9, 15.9], "texture": "#carrot"},
				"up": {"uv": [15, 15, 15.9, 15.9], "texture": "#carrot"},
				"down": {"uv": [15, 15, 15.9, 15.9], "texture": "#carrot"}
			}
		},
		{
			"name": "face",
			"from": [7.73696, 2.95787, 3.38452],
			"to": [7.53696, 2.75787, 3.18452],
			"rotation": {"angle": 0, "axis": "y", "origin": [-0.25, -0.1, -0.9]},
			"faces": {
				"north": {"uv": [15, 15, 15.9, 15.9], "texture": "#carrot"},
				"east": {"uv": [15, 15, 15.9, 15.9], "texture": "#carrot"},
				"south": {"uv": [15, 15, 15.9, 15.9], "texture": "#carrot"},
				"west": {"uv": [15, 15, 15.9, 15.9], "texture": "#carrot"},
				"up": {"uv": [15, 15, 15.9, 15.9], "texture": "#carrot"},
				"down": {"uv": [15, 15, 15.9, 15.9], "texture": "#carrot"}
			}
		},
		{
			"name": "face",
			"from": [7.73696, 2.85787, 3.18452],
			"to": [7.53696, 2.65787, 2.98452],
			"rotation": {"angle": 0, "axis": "y", "origin": [-0.25, -0.1, -0.9]},
			"faces": {
				"north": {"uv": [15, 15, 15.9, 15.9], "texture": "#carrot"},
				"east": {"uv": [15, 15, 15.9, 15.9], "texture": "#carrot"},
				"south": {"uv": [15, 15, 15.9, 15.9], "texture": "#carrot"},
				"west": {"uv": [15, 15, 15.9, 15.9], "texture": "#carrot"},
				"up": {"uv": [15, 15, 15.9, 15.9], "texture": "#carrot"},
				"down": {"uv": [15, 15, 15.9, 15.9], "texture": "#carrot"}
			}
		},
		{
			"name": "face",
			"from": [7.73696, 2.85787, 4.58452],
			"to": [7.53696, 2.65787, 4.38452],
			"rotation": {"angle": 0, "axis": "y", "origin": [-0.25, -0.1, -0.9]},
			"faces": {
				"north": {"uv": [15, 15, 15.9, 15.9], "texture": "#carrot"},
				"east": {"uv": [15, 15, 15.9, 15.9], "texture": "#carrot"},
				"south": {"uv": [15, 15, 15.9, 15.9], "texture": "#carrot"},
				"west": {"uv": [15, 15, 15.9, 15.9], "texture": "#carrot"},
				"up": {"uv": [15, 15, 15.9, 15.9], "texture": "#carrot"},
				"down": {"uv": [15, 15, 15.9, 15.9], "texture": "#carrot"}
			}
		},
		{
			"name": "face",
			"from": [7.73696, 2.95787, 4.38452],
			"to": [7.53696, 2.75787, 4.18452],
			"rotation": {"angle": 0, "axis": "y", "origin": [-0.25, -0.1, -0.9]},
			"faces": {
				"north": {"uv": [15, 15, 15.9, 15.9], "texture": "#carrot"},
				"east": {"uv": [15, 15, 15.9, 15.9], "texture": "#carrot"},
				"south": {"uv": [15, 15, 15.9, 15.9], "texture": "#carrot"},
				"west": {"uv": [15, 15, 15.9, 15.9], "texture": "#carrot"},
				"up": {"uv": [15, 15, 15.9, 15.9], "texture": "#carrot"},
				"down": {"uv": [15, 15, 15.9, 15.9], "texture": "#carrot"}
			}
		},
		{
			"name": "face",
			"from": [7.73696, 2.85787, 4.18452],
			"to": [7.53696, 2.65787, 3.98452],
			"rotation": {"angle": 0, "axis": "y", "origin": [-0.25, -0.1, -0.9]},
			"faces": {
				"north": {"uv": [15, 15, 15.9, 15.9], "texture": "#carrot"},
				"east": {"uv": [15, 15, 15.9, 15.9], "texture": "#carrot"},
				"south": {"uv": [15, 15, 15.9, 15.9], "texture": "#carrot"},
				"west": {"uv": [15, 15, 15.9, 15.9], "texture": "#carrot"},
				"up": {"uv": [15, 15, 15.9, 15.9], "texture": "#carrot"},
				"down": {"uv": [15, 15, 15.9, 15.9], "texture": "#carrot"}
			}
		},
		{
			"name": "face",
			"from": [7.6, 1.3, 3.3],
			"to": [7.7, 2.2, 4.2],
			"rotation": {"angle": 0, "axis": "y", "origin": [-0.25, 0.1, -0.9]},
			"faces": {
				"north": {"uv": [15, 15, 15.9, 15.9], "texture": "#carrot"},
				"east": {"uv": [15, 15, 15.9, 15.9], "texture": "#carrot"},
				"south": {"uv": [15, 15, 15.9, 15.9], "texture": "#carrot"},
				"west": {"uv": [15, 15, 15.9, 15.9], "texture": "#carrot"},
				"up": {"uv": [15, 15, 15.9, 15.9], "texture": "#carrot"},
				"down": {"uv": [15, 15, 15.9, 15.9], "texture": "#carrot"}
			}
		},
		{
			"name": "face",
			"from": [7.75, 1.15, 2.95],
			"to": [7.55, 2.35, 3.35],
			"rotation": {"angle": 0, "axis": "y", "origin": [-0.25, 0.1, -0.9]},
			"faces": {
				"north": {"uv": [15, 15, 15.9, 15.9], "texture": "#carrot"},
				"east": {"uv": [15, 15, 15.9, 15.9], "texture": "#carrot"},
				"south": {"uv": [15, 15, 15.9, 15.9], "texture": "#carrot"},
				"west": {"uv": [15, 15, 15.9, 15.9], "texture": "#carrot"},
				"up": {"uv": [15, 15, 15.9, 15.9], "texture": "#carrot"},
				"down": {"uv": [15, 15, 15.9, 15.9], "texture": "#carrot"}
			}
		},
		{
			"name": "face",
			"from": [7.75, 1.15, 3.55],
			"to": [7.55, 2.35, 3.95],
			"rotation": {"angle": 0, "axis": "y", "origin": [-0.25, 0.1, -0.9]},
			"faces": {
				"north": {"uv": [15, 15, 15.9, 15.9], "texture": "#carrot"},
				"east": {"uv": [15, 15, 15.9, 15.9], "texture": "#carrot"},
				"south": {"uv": [15, 15, 15.9, 15.9], "texture": "#carrot"},
				"west": {"uv": [15, 15, 15.9, 15.9], "texture": "#carrot"},
				"up": {"uv": [15, 15, 15.9, 15.9], "texture": "#carrot"},
				"down": {"uv": [15, 15, 15.9, 15.9], "texture": "#carrot"}
			}
		},
		{
			"name": "face",
			"from": [7.75, 1.15, 4.15],
			"to": [7.55, 2.35, 4.55],
			"rotation": {"angle": 0, "axis": "y", "origin": [-0.25, 0.1, -0.9]},
			"faces": {
				"north": {"uv": [15, 15, 15.9, 15.9], "texture": "#carrot"},
				"east": {"uv": [15, 15, 15.9, 15.9], "texture": "#carrot"},
				"south": {"uv": [15, 15, 15.9, 15.9], "texture": "#carrot"},
				"west": {"uv": [15, 15, 15.9, 15.9], "texture": "#carrot"},
				"up": {"uv": [15, 15, 15.9, 15.9], "texture": "#carrot"},
				"down": {"uv": [15, 15, 15.9, 15.9], "texture": "#carrot"}
			}
		},
		{
			"name": "face",
			"from": [6.01973, -0.75, 9.51973],
			"to": [6.41973, 0.45, 9.31973],
			"rotation": {"angle": 0, "axis": "y", "origin": [6.75, 0, 12.61973]},
			"faces": {
				"north": {"uv": [15, 15, 15.9, 15.9], "texture": "#carrot"},
				"east": {"uv": [15, 15, 15.9, 15.9], "texture": "#carrot"},
				"south": {"uv": [15, 15, 15.9, 15.9], "texture": "#carrot"},
				"west": {"uv": [15, 15, 15.9, 15.9], "texture": "#carrot"},
				"up": {"uv": [15, 15, 15.9, 15.9], "rotation": 90, "texture": "#carrot"},
				"down": {"uv": [15, 15, 15.9, 15.9], "rotation": 270, "texture": "#carrot"}
			}
		},
		{
			"name": "face",
			"from": [6.36973, -0.6, 9.36973],
			"to": [7.26973, 0.3, 9.46973],
			"rotation": {"angle": 0, "axis": "y", "origin": [6.75, 0, 12.61973]},
			"faces": {
				"north": {"uv": [15, 15, 15.9, 15.9], "texture": "#carrot"},
				"east": {"uv": [15, 15, 15.9, 15.9], "texture": "#carrot"},
				"south": {"uv": [15, 15, 15.9, 15.9], "texture": "#carrot"},
				"west": {"uv": [15, 15, 15.9, 15.9], "texture": "#carrot"},
				"up": {"uv": [15, 15, 15.9, 15.9], "rotation": 90, "texture": "#carrot"},
				"down": {"uv": [15, 15, 15.9, 15.9], "rotation": 270, "texture": "#carrot"}
			}
		},
		{
			"name": "face",
			"from": [7.21973, -0.75, 9.51973],
			"to": [7.61973, 0.45, 9.31973],
			"rotation": {"angle": 0, "axis": "y", "origin": [6.75, 0, 12.61973]},
			"faces": {
				"north": {"uv": [15, 15, 15.9, 15.9], "texture": "#carrot"},
				"east": {"uv": [15, 15, 15.9, 15.9], "texture": "#carrot"},
				"south": {"uv": [15, 15, 15.9, 15.9], "texture": "#carrot"},
				"west": {"uv": [15, 15, 15.9, 15.9], "texture": "#carrot"},
				"up": {"uv": [15, 15, 15.9, 15.9], "rotation": 90, "texture": "#carrot"},
				"down": {"uv": [15, 15, 15.9, 15.9], "rotation": 270, "texture": "#carrot"}
			}
		},
		{
			"name": "face",
			"from": [6.61973, -0.75, 9.51973],
			"to": [7.01973, 0.45, 9.31973],
			"rotation": {"angle": 0, "axis": "y", "origin": [6.75, 0, 12.61973]},
			"faces": {
				"north": {"uv": [15, 15, 15.9, 15.9], "texture": "#carrot"},
				"east": {"uv": [15, 15, 15.9, 15.9], "texture": "#carrot"},
				"south": {"uv": [15, 15, 15.9, 15.9], "texture": "#carrot"},
				"west": {"uv": [15, 15, 15.9, 15.9], "texture": "#carrot"},
				"up": {"uv": [15, 15, 15.9, 15.9], "rotation": 90, "texture": "#carrot"},
				"down": {"uv": [15, 15, 15.9, 15.9], "rotation": 270, "texture": "#carrot"}
			}
		},
		{
			"name": "face",
			"from": [6.58521, 0.95787, 9.50669],
			"to": [6.38521, 0.75787, 9.30669],
			"rotation": {"angle": 0, "axis": "y", "origin": [6.75, 0, 12.61973]},
			"faces": {
				"north": {"uv": [15, 15, 15.9, 15.9], "texture": "#carrot"},
				"east": {"uv": [15, 15, 15.9, 15.9], "texture": "#carrot"},
				"south": {"uv": [15, 15, 15.9, 15.9], "texture": "#carrot"},
				"west": {"uv": [15, 15, 15.9, 15.9], "texture": "#carrot"},
				"up": {"uv": [15, 15, 15.9, 15.9], "rotation": 90, "texture": "#carrot"},
				"down": {"uv": [15, 15, 15.9, 15.9], "rotation": 270, "texture": "#carrot"}
			}
		},
		{
			"name": "face",
			"from": [6.38521, 1.05787, 9.50669],
			"to": [6.18521, 0.85787, 9.30669],
			"rotation": {"angle": 0, "axis": "y", "origin": [6.75, 0, 12.61973]},
			"faces": {
				"north": {"uv": [15, 15, 15.9, 15.9], "texture": "#carrot"},
				"east": {"uv": [15, 15, 15.9, 15.9], "texture": "#carrot"},
				"south": {"uv": [15, 15, 15.9, 15.9], "texture": "#carrot"},
				"west": {"uv": [15, 15, 15.9, 15.9], "texture": "#carrot"},
				"up": {"uv": [15, 15, 15.9, 15.9], "rotation": 90, "texture": "#carrot"},
				"down": {"uv": [15, 15, 15.9, 15.9], "rotation": 270, "texture": "#carrot"}
			}
		},
		{
			"name": "face",
			"from": [6.18521, 0.95787, 9.50669],
			"to": [5.98521, 0.75787, 9.30669],
			"rotation": {"angle": 0, "axis": "y", "origin": [6.75, 0, 12.61973]},
			"faces": {
				"north": {"uv": [15, 15, 15.9, 15.9], "texture": "#carrot"},
				"east": {"uv": [15, 15, 15.9, 15.9], "texture": "#carrot"},
				"south": {"uv": [15, 15, 15.9, 15.9], "texture": "#carrot"},
				"west": {"uv": [15, 15, 15.9, 15.9], "texture": "#carrot"},
				"up": {"uv": [15, 15, 15.9, 15.9], "rotation": 90, "texture": "#carrot"},
				"down": {"uv": [15, 15, 15.9, 15.9], "rotation": 270, "texture": "#carrot"}
			}
		},
		{
			"name": "face",
			"from": [7.58521, 0.95787, 9.50669],
			"to": [7.38521, 0.75787, 9.30669],
			"rotation": {"angle": 0, "axis": "y", "origin": [6.75, 0, 12.61973]},
			"faces": {
				"north": {"uv": [15, 15, 15.9, 15.9], "texture": "#carrot"},
				"east": {"uv": [15, 15, 15.9, 15.9], "texture": "#carrot"},
				"south": {"uv": [15, 15, 15.9, 15.9], "texture": "#carrot"},
				"west": {"uv": [15, 15, 15.9, 15.9], "texture": "#carrot"},
				"up": {"uv": [15, 15, 15.9, 15.9], "rotation": 90, "texture": "#carrot"},
				"down": {"uv": [15, 15, 15.9, 15.9], "rotation": 270, "texture": "#carrot"}
			}
		},
		{
			"name": "face",
			"from": [7.38521, 1.05787, 9.50669],
			"to": [7.18521, 0.85787, 9.30669],
			"rotation": {"angle": 0, "axis": "y", "origin": [6.75, 0, 12.61973]},
			"faces": {
				"north": {"uv": [15, 15, 15.9, 15.9], "texture": "#carrot"},
				"east": {"uv": [15, 15, 15.9, 15.9], "texture": "#carrot"},
				"south": {"uv": [15, 15, 15.9, 15.9], "texture": "#carrot"},
				"west": {"uv": [15, 15, 15.9, 15.9], "texture": "#carrot"},
				"up": {"uv": [15, 15, 15.9, 15.9], "rotation": 90, "texture": "#carrot"},
				"down": {"uv": [15, 15, 15.9, 15.9], "rotation": 270, "texture": "#carrot"}
			}
		},
		{
			"name": "face",
			"from": [7.18521, 0.95787, 9.50669],
			"to": [6.98521, 0.75787, 9.30669],
			"rotation": {"angle": 0, "axis": "y", "origin": [6.75, 0, 12.61973]},
			"faces": {
				"north": {"uv": [15, 15, 15.9, 15.9], "texture": "#carrot"},
				"east": {"uv": [15, 15, 15.9, 15.9], "texture": "#carrot"},
				"south": {"uv": [15, 15, 15.9, 15.9], "texture": "#carrot"},
				"west": {"uv": [15, 15, 15.9, 15.9], "texture": "#carrot"},
				"up": {"uv": [15, 15, 15.9, 15.9], "rotation": 90, "texture": "#carrot"},
				"down": {"uv": [15, 15, 15.9, 15.9], "rotation": 270, "texture": "#carrot"}
			}
		},
		{
			"name": "face",
			"from": [12.53696, 2.85787, 3.58452],
			"to": [12.33696, 2.65787, 3.38452],
			"rotation": {"angle": 0, "axis": "y", "origin": [-0.25, -0.1, -0.9]},
			"faces": {
				"north": {"uv": [15, 15, 15.9, 15.9], "texture": "#carrot"},
				"east": {"uv": [15, 15, 15.9, 15.9], "texture": "#carrot"},
				"south": {"uv": [15, 15, 15.9, 15.9], "texture": "#carrot"},
				"west": {"uv": [15, 15, 15.9, 15.9], "texture": "#carrot"},
				"up": {"uv": [15, 15, 15.9, 15.9], "texture": "#carrot"},
				"down": {"uv": [15, 15, 15.9, 15.9], "texture": "#carrot"}
			}
		},
		{
			"name": "face",
			"from": [12.53696, 2.95787, 3.38452],
			"to": [12.33696, 2.75787, 3.18452],
			"rotation": {"angle": 0, "axis": "y", "origin": [-0.25, -0.1, -0.9]},
			"faces": {
				"north": {"uv": [15, 15, 15.9, 15.9], "texture": "#carrot"},
				"east": {"uv": [15, 15, 15.9, 15.9], "texture": "#carrot"},
				"south": {"uv": [15, 15, 15.9, 15.9], "texture": "#carrot"},
				"west": {"uv": [15, 15, 15.9, 15.9], "texture": "#carrot"},
				"up": {"uv": [15, 15, 15.9, 15.9], "texture": "#carrot"},
				"down": {"uv": [15, 15, 15.9, 15.9], "texture": "#carrot"}
			}
		},
		{
			"name": "face",
			"from": [12.53696, 2.85787, 3.18452],
			"to": [12.33696, 2.65787, 2.98452],
			"rotation": {"angle": 0, "axis": "y", "origin": [-0.25, -0.1, -0.9]},
			"faces": {
				"north": {"uv": [15, 15, 15.9, 15.9], "texture": "#carrot"},
				"east": {"uv": [15, 15, 15.9, 15.9], "texture": "#carrot"},
				"south": {"uv": [15, 15, 15.9, 15.9], "texture": "#carrot"},
				"west": {"uv": [15, 15, 15.9, 15.9], "texture": "#carrot"},
				"up": {"uv": [15, 15, 15.9, 15.9], "texture": "#carrot"},
				"down": {"uv": [15, 15, 15.9, 15.9], "texture": "#carrot"}
			}
		},
		{
			"name": "face",
			"from": [12.53696, 2.85787, 4.58452],
			"to": [12.33696, 2.65787, 4.38452],
			"rotation": {"angle": 0, "axis": "y", "origin": [-0.25, -0.1, -0.9]},
			"faces": {
				"north": {"uv": [15, 15, 15.9, 15.9], "texture": "#carrot"},
				"east": {"uv": [15, 15, 15.9, 15.9], "texture": "#carrot"},
				"south": {"uv": [15, 15, 15.9, 15.9], "texture": "#carrot"},
				"west": {"uv": [15, 15, 15.9, 15.9], "texture": "#carrot"},
				"up": {"uv": [15, 15, 15.9, 15.9], "texture": "#carrot"},
				"down": {"uv": [15, 15, 15.9, 15.9], "texture": "#carrot"}
			}
		},
		{
			"name": "face",
			"from": [12.53696, 2.95787, 4.38452],
			"to": [12.33696, 2.75787, 4.18452],
			"rotation": {"angle": 0, "axis": "y", "origin": [-0.25, -0.1, -0.9]},
			"faces": {
				"north": {"uv": [15, 15, 15.9, 15.9], "texture": "#carrot"},
				"east": {"uv": [15, 15, 15.9, 15.9], "texture": "#carrot"},
				"south": {"uv": [15, 15, 15.9, 15.9], "texture": "#carrot"},
				"west": {"uv": [15, 15, 15.9, 15.9], "texture": "#carrot"},
				"up": {"uv": [15, 15, 15.9, 15.9], "texture": "#carrot"},
				"down": {"uv": [15, 15, 15.9, 15.9], "texture": "#carrot"}
			}
		},
		{
			"name": "face",
			"from": [12.53696, 2.85787, 4.18452],
			"to": [12.33696, 2.65787, 3.98452],
			"rotation": {"angle": 0, "axis": "y", "origin": [-0.25, -0.1, -0.9]},
			"faces": {
				"north": {"uv": [15, 15, 15.9, 15.9], "texture": "#carrot"},
				"east": {"uv": [15, 15, 15.9, 15.9], "texture": "#carrot"},
				"south": {"uv": [15, 15, 15.9, 15.9], "texture": "#carrot"},
				"west": {"uv": [15, 15, 15.9, 15.9], "texture": "#carrot"},
				"up": {"uv": [15, 15, 15.9, 15.9], "texture": "#carrot"},
				"down": {"uv": [15, 15, 15.9, 15.9], "texture": "#carrot"}
			}
		},
		{
			"name": "face",
			"from": [12.4, 1.3, 3.3],
			"to": [12.5, 2.2, 4.2],
			"rotation": {"angle": 0, "axis": "y", "origin": [-0.25, 0.1, -0.9]},
			"faces": {
				"north": {"uv": [15, 15, 15.9, 15.9], "texture": "#carrot"},
				"east": {"uv": [15, 15, 15.9, 15.9], "texture": "#carrot"},
				"south": {"uv": [15, 15, 15.9, 15.9], "texture": "#carrot"},
				"west": {"uv": [15, 15, 15.9, 15.9], "texture": "#carrot"},
				"up": {"uv": [15, 15, 15.9, 15.9], "texture": "#carrot"},
				"down": {"uv": [15, 15, 15.9, 15.9], "texture": "#carrot"}
			}
		},
		{
			"name": "face",
			"from": [12.55, 1.15, 2.95],
			"to": [12.35, 2.35, 3.35],
			"rotation": {"angle": 0, "axis": "y", "origin": [-0.25, 0.1, -0.9]},
			"faces": {
				"north": {"uv": [15, 15, 15.9, 15.9], "texture": "#carrot"},
				"east": {"uv": [15, 15, 15.9, 15.9], "texture": "#carrot"},
				"south": {"uv": [15, 15, 15.9, 15.9], "texture": "#carrot"},
				"west": {"uv": [15, 15, 15.9, 15.9], "texture": "#carrot"},
				"up": {"uv": [15, 15, 15.9, 15.9], "texture": "#carrot"},
				"down": {"uv": [15, 15, 15.9, 15.9], "texture": "#carrot"}
			}
		},
		{
			"name": "face",
			"from": [12.55, 1.15, 3.55],
			"to": [12.35, 2.35, 3.95],
			"rotation": {"angle": 0, "axis": "y", "origin": [-0.25, 0.1, -0.9]},
			"faces": {
				"north": {"uv": [15, 15, 15.9, 15.9], "texture": "#carrot"},
				"east": {"uv": [15, 15, 15.9, 15.9], "texture": "#carrot"},
				"south": {"uv": [15, 15, 15.9, 15.9], "texture": "#carrot"},
				"west": {"uv": [15, 15, 15.9, 15.9], "texture": "#carrot"},
				"up": {"uv": [15, 15, 15.9, 15.9], "texture": "#carrot"},
				"down": {"uv": [15, 15, 15.9, 15.9], "texture": "#carrot"}
			}
		},
		{
			"name": "face",
			"from": [12.55, 1.15, 4.15],
			"to": [12.35, 2.35, 4.55],
			"rotation": {"angle": 0, "axis": "y", "origin": [-0.25, 0.1, -0.9]},
			"faces": {
				"north": {"uv": [15, 15, 15.9, 15.9], "texture": "#carrot"},
				"east": {"uv": [15, 15, 15.9, 15.9], "texture": "#carrot"},
				"south": {"uv": [15, 15, 15.9, 15.9], "texture": "#carrot"},
				"west": {"uv": [15, 15, 15.9, 15.9], "texture": "#carrot"},
				"up": {"uv": [15, 15, 15.9, 15.9], "texture": "#carrot"},
				"down": {"uv": [15, 15, 15.9, 15.9], "texture": "#carrot"}
			}
		},
		{
			"name": "face",
			"from": [6.01973, -0.75, 14.31973],
			"to": [6.41973, 0.45, 14.11973],
			"rotation": {"angle": 0, "axis": "y", "origin": [6.75, 0, 12.61973]},
			"faces": {
				"north": {"uv": [15, 15, 15.9, 15.9], "texture": "#carrot"},
				"east": {"uv": [15, 15, 15.9, 15.9], "texture": "#carrot"},
				"south": {"uv": [15, 15, 15.9, 15.9], "texture": "#carrot"},
				"west": {"uv": [15, 15, 15.9, 15.9], "texture": "#carrot"},
				"up": {"uv": [15, 15, 15.9, 15.9], "rotation": 90, "texture": "#carrot"},
				"down": {"uv": [15, 15, 15.9, 15.9], "rotation": 270, "texture": "#carrot"}
			}
		},
		{
			"name": "face",
			"from": [6.36973, -0.6, 14.16973],
			"to": [7.26973, 0.3, 14.26973],
			"rotation": {"angle": 0, "axis": "y", "origin": [6.75, 0, 12.61973]},
			"faces": {
				"north": {"uv": [15, 15, 15.9, 15.9], "texture": "#carrot"},
				"east": {"uv": [15, 15, 15.9, 15.9], "texture": "#carrot"},
				"south": {"uv": [15, 15, 15.9, 15.9], "texture": "#carrot"},
				"west": {"uv": [15, 15, 15.9, 15.9], "texture": "#carrot"},
				"up": {"uv": [15, 15, 15.9, 15.9], "rotation": 90, "texture": "#carrot"},
				"down": {"uv": [15, 15, 15.9, 15.9], "rotation": 270, "texture": "#carrot"}
			}
		},
		{
			"name": "face",
			"from": [7.21973, -0.75, 14.31973],
			"to": [7.61973, 0.45, 14.11973],
			"rotation": {"angle": 0, "axis": "y", "origin": [6.75, 0, 12.61973]},
			"faces": {
				"north": {"uv": [15, 15, 15.9, 15.9], "texture": "#carrot"},
				"east": {"uv": [15, 15, 15.9, 15.9], "texture": "#carrot"},
				"south": {"uv": [15, 15, 15.9, 15.9], "texture": "#carrot"},
				"west": {"uv": [15, 15, 15.9, 15.9], "texture": "#carrot"},
				"up": {"uv": [15, 15, 15.9, 15.9], "rotation": 90, "texture": "#carrot"},
				"down": {"uv": [15, 15, 15.9, 15.9], "rotation": 270, "texture": "#carrot"}
			}
		},
		{
			"name": "face",
			"from": [6.61973, -0.75, 14.31973],
			"to": [7.01973, 0.45, 14.11973],
			"rotation": {"angle": 0, "axis": "y", "origin": [6.75, 0, 12.61973]},
			"faces": {
				"north": {"uv": [15, 15, 15.9, 15.9], "texture": "#carrot"},
				"east": {"uv": [15, 15, 15.9, 15.9], "texture": "#carrot"},
				"south": {"uv": [15, 15, 15.9, 15.9], "texture": "#carrot"},
				"west": {"uv": [15, 15, 15.9, 15.9], "texture": "#carrot"},
				"up": {"uv": [15, 15, 15.9, 15.9], "rotation": 90, "texture": "#carrot"},
				"down": {"uv": [15, 15, 15.9, 15.9], "rotation": 270, "texture": "#carrot"}
			}
		},
		{
			"name": "face",
			"from": [6.58521, 0.95787, 14.30669],
			"to": [6.38521, 0.75787, 14.10669],
			"rotation": {"angle": 0, "axis": "y", "origin": [6.75, 0, 12.61973]},
			"faces": {
				"north": {"uv": [15, 15, 15.9, 15.9], "texture": "#carrot"},
				"east": {"uv": [15, 15, 15.9, 15.9], "texture": "#carrot"},
				"south": {"uv": [15, 15, 15.9, 15.9], "texture": "#carrot"},
				"west": {"uv": [15, 15, 15.9, 15.9], "texture": "#carrot"},
				"up": {"uv": [15, 15, 15.9, 15.9], "rotation": 90, "texture": "#carrot"},
				"down": {"uv": [15, 15, 15.9, 15.9], "rotation": 270, "texture": "#carrot"}
			}
		},
		{
			"name": "face",
			"from": [6.38521, 1.05787, 14.30669],
			"to": [6.18521, 0.85787, 14.10669],
			"rotation": {"angle": 0, "axis": "y", "origin": [6.75, 0, 12.61973]},
			"faces": {
				"north": {"uv": [15, 15, 15.9, 15.9], "texture": "#carrot"},
				"east": {"uv": [15, 15, 15.9, 15.9], "texture": "#carrot"},
				"south": {"uv": [15, 15, 15.9, 15.9], "texture": "#carrot"},
				"west": {"uv": [15, 15, 15.9, 15.9], "texture": "#carrot"},
				"up": {"uv": [15, 15, 15.9, 15.9], "rotation": 90, "texture": "#carrot"},
				"down": {"uv": [15, 15, 15.9, 15.9], "rotation": 270, "texture": "#carrot"}
			}
		},
		{
			"name": "face",
			"from": [6.18521, 0.95787, 14.30669],
			"to": [5.98521, 0.75787, 14.10669],
			"rotation": {"angle": 0, "axis": "y", "origin": [6.75, 0, 12.61973]},
			"faces": {
				"north": {"uv": [15, 15, 15.9, 15.9], "texture": "#carrot"},
				"east": {"uv": [15, 15, 15.9, 15.9], "texture": "#carrot"},
				"south": {"uv": [15, 15, 15.9, 15.9], "texture": "#carrot"},
				"west": {"uv": [15, 15, 15.9, 15.9], "texture": "#carrot"},
				"up": {"uv": [15, 15, 15.9, 15.9], "rotation": 90, "texture": "#carrot"},
				"down": {"uv": [15, 15, 15.9, 15.9], "rotation": 270, "texture": "#carrot"}
			}
		},
		{
			"name": "face",
			"from": [7.58521, 0.95787, 14.30669],
			"to": [7.38521, 0.75787, 14.10669],
			"rotation": {"angle": 0, "axis": "y", "origin": [6.75, 0, 12.61973]},
			"faces": {
				"north": {"uv": [15, 15, 15.9, 15.9], "texture": "#carrot"},
				"east": {"uv": [15, 15, 15.9, 15.9], "texture": "#carrot"},
				"south": {"uv": [15, 15, 15.9, 15.9], "texture": "#carrot"},
				"west": {"uv": [15, 15, 15.9, 15.9], "texture": "#carrot"},
				"up": {"uv": [15, 15, 15.9, 15.9], "rotation": 90, "texture": "#carrot"},
				"down": {"uv": [15, 15, 15.9, 15.9], "rotation": 270, "texture": "#carrot"}
			}
		},
		{
			"name": "face",
			"from": [7.38521, 1.05787, 14.30669],
			"to": [7.18521, 0.85787, 14.10669],
			"rotation": {"angle": 0, "axis": "y", "origin": [6.75, 0, 12.61973]},
			"faces": {
				"north": {"uv": [15, 15, 15.9, 15.9], "texture": "#carrot"},
				"east": {"uv": [15, 15, 15.9, 15.9], "texture": "#carrot"},
				"south": {"uv": [15, 15, 15.9, 15.9], "texture": "#carrot"},
				"west": {"uv": [15, 15, 15.9, 15.9], "texture": "#carrot"},
				"up": {"uv": [15, 15, 15.9, 15.9], "rotation": 90, "texture": "#carrot"},
				"down": {"uv": [15, 15, 15.9, 15.9], "rotation": 270, "texture": "#carrot"}
			}
		},
		{
			"name": "face",
			"from": [7.18521, 0.95787, 14.30669],
			"to": [6.98521, 0.75787, 14.10669],
			"rotation": {"angle": 0, "axis": "y", "origin": [6.75, 0, 12.61973]},
			"faces": {
				"north": {"uv": [15, 15, 15.9, 15.9], "texture": "#carrot"},
				"east": {"uv": [15, 15, 15.9, 15.9], "texture": "#carrot"},
				"south": {"uv": [15, 15, 15.9, 15.9], "texture": "#carrot"},
				"west": {"uv": [15, 15, 15.9, 15.9], "texture": "#carrot"},
				"up": {"uv": [15, 15, 15.9, 15.9], "rotation": 90, "texture": "#carrot"},
				"down": {"uv": [15, 15, 15.9, 15.9], "rotation": 270, "texture": "#carrot"}
			}
		}
	],
	"groups": [0, 1, 2, 3, 4, 5, 6, 7, 8, 9, 10, 11, 12, 13, 14, 15, 16, 17, 18, 19, 20, 21, 22, 23, 24, 25, 26, 27, 28, 29, 30, 31, 32, 33, 34, 35, 36, 37,
		{
			"name": "face",
			"origin": [-1.55, 3.5, 5.1],
			"color": 0,
			"children": [
				{
					"name": "group",
					"origin": [6.75, 0, 12.61973],
					"color": 0,
					"children": [38, 39, 40, 41, 42, 43, 44, 45, 46, 47]
				},
				{
					"name": "group",
					"origin": [6.75, 0, 12.61973],
					"color": 0,
					"children": [48, 49, 50, 51, 52, 53, 54, 55, 56, 57]
				},
				{
					"name": "eye1",
					"origin": [-2.15, 6.75, 1.1],
					"rotation": [0, 0, 6],
					"color": 0,
					"children": []
				},
				{
					"name": "mouth",
					"origin": [-0.25, 0.1, -0.9],
					"color": 0,
					"children": []
				},
				{
					"name": "group",
					"origin": [6.75, 0, 12.61973],
					"color": 0,
					"children": [58, 59, 60, 61, 62, 63, 64, 65, 66, 67]
				},
				{
					"name": "group",
					"origin": [6.75, 0, 12.61973],
					"color": 0,
					"children": [68, 69, 70, 71, 72, 73, 74, 75, 76, 77]
				}
			]
		}
	]
}