{
	"credit": "Made with Blockbench",
	"texture_size": [256, 256],
	"textures": {
		"1": "blocks/botancar",
		"particle": "blocks/botancar"
	},
	"elements": [
		{
			"from": [0, -3.4635, 15.44192],
			"to": [0.89553, -2.56797, 16.33744],
			"rotation": {"angle": 45, "axis": "x", "origin": [0, -3.4635, 16.33744]},
			"faces": {
				"north": {"uv": [4.25, 1, 4.3125, 1.0625], "texture": "#1"},
				"east": {"uv": [4.25, 1, 4.3125, 1.0625], "texture": "#1"},
				"south": {"uv": [4.25, 1, 4.3125, 1.0625], "texture": "#1"},
				"west": {"uv": [4.25, 1, 4.3125, 1.0625], "texture": "#1"},
				"up": {"uv": [4.25, 1, 4.3125, 1.0625], "texture": "#1"},
				"down": {"uv": [4.25, 1, 4.3125, 1.0625], "texture": "#1"}
			}
		},
		{
			"from": [0, -6.27604, 18.25446],
			"to": [0.89553, -5.38051, 19.14998],
			"rotation": {"angle": -45, "axis": "x", "origin": [0, -5.38051, 18.25446]},
			"faces": {
				"north": {"uv": [4.25, 1, 4.3125, 1.0625], "rotation": 180, "texture": "#1"},
				"east": {"uv": [4.25, 1, 4.3125, 1.0625], "rotation": 270, "texture": "#1"},
				"south": {"uv": [4.25, 1, 4.3125, 1.0625], "texture": "#1"},
				"west": {"uv": [4.25, 1, 4.3125, 1.0625], "rotation": 90, "texture": "#1"},
				"up": {"uv": [4.25, 1, 4.3125, 1.0625], "rotation": 180, "texture": "#1"},
				"down": {"uv": [4.25, 1, 4.3125, 1.0625], "texture": "#1"}
			}
		},
		{
			"from": [0, -6.76732, 17.7858],
			"to": [0.89553, -5.87179, 18.68132],
			"rotation": {"angle": -22.5, "axis": "x", "origin": [0, -5.87179, 16.89027]},
			"faces": {
				"north": {"uv": [4.25, 1, 4.3125, 1.0625], "texture": "#1"},
				"east": {"uv": [4.25, 1, 4.3125, 1.0625], "texture": "#1"},
				"south": {"uv": [4.25, 1, 4.3125, 1.0625], "texture": "#1"},
				"west": {"uv": [4.25, 1, 4.3125, 1.0625], "texture": "#1"},
				"up": {"uv": [4.25, 1, 4.3125, 1.0625], "texture": "#1"},
				"down": {"uv": [4.25, 1, 4.3125, 1.0625], "texture": "#1"}
			}
		},
		{
			"from": [0, -5.03781, 18.69357],
			"to": [0.89553, -4.14228, 19.58909],
			"rotation": {"angle": 22.5, "axis": "x", "origin": [0, -5.03781, 18.69357]},
			"faces": {
				"north": {"uv": [4.25, 1, 4.3125, 1.0625], "texture": "#1"},
				"east": {"uv": [4.25, 1, 4.3125, 1.0625], "texture": "#1"},
				"south": {"uv": [4.25, 1, 4.3125, 1.0625], "texture": "#1"},
				"west": {"uv": [4.25, 1, 4.3125, 1.0625], "texture": "#1"},
				"up": {"uv": [4.25, 1, 4.3125, 1.0625], "texture": "#1"},
				"down": {"uv": [4.25, 1, 4.3125, 1.0625], "texture": "#1"}
			}
		},
		{
			"from": [0, -4.55315, 18.9681],
			"to": [0.89553, -3.65763, 19.86363],
			"rotation": {"angle": 0, "axis": "y", "origin": [0, -4.55315, 18.9681]},
			"faces": {
				"north": {"uv": [4.25, 1, 4.3125, 1.0625], "texture": "#1"},
				"east": {"uv": [4.25, 1, 4.3125, 1.0625], "texture": "#1"},
				"south": {"uv": [4.25, 1, 4.3125, 1.0625], "texture": "#1"},
				"west": {"uv": [4.25, 1, 4.3125, 1.0625], "texture": "#1"},
				"up": {"uv": [4.25, 1, 4.3125, 1.0625], "texture": "#1"},
				"down": {"uv": [4.25, 1, 4.3125, 1.0625], "texture": "#1"}
			}
		},
		{
			"from": [0, -4.00033, 19.03627],
			"to": [0.89553, -3.1048, 19.9318],
			"rotation": {"angle": -22.5, "axis": "x", "origin": [0, -4.00033, 19.03627]},
			"faces": {
				"north": {"uv": [4.25, 1, 4.3125, 1.0625], "texture": "#1"},
				"east": {"uv": [4.25, 1, 4.3125, 1.0625], "texture": "#1"},
				"south": {"uv": [4.25, 1, 4.3125, 1.0625], "texture": "#1"},
				"west": {"uv": [4.25, 1, 4.3125, 1.0625], "texture": "#1"},
				"up": {"uv": [4.25, 1, 4.3125, 1.0625], "texture": "#1"},
				"down": {"uv": [4.25, 1, 4.3125, 1.0625], "texture": "#1"}
			}
		},
		{
			"from": [0, -3.4635, 18.88769],
			"to": [0.89553, -2.56797, 19.78322],
			"rotation": {"angle": -45, "axis": "x", "origin": [0, -3.4635, 18.88769]},
			"faces": {
				"north": {"uv": [4.25, 1, 4.3125, 1.0625], "texture": "#1"},
				"east": {"uv": [4.25, 1, 4.3125, 1.0625], "texture": "#1"},
				"south": {"uv": [4.25, 1, 4.3125, 1.0625], "texture": "#1"},
				"west": {"uv": [4.25, 1, 4.3125, 1.0625], "texture": "#1"},
				"up": {"uv": [4.25, 1, 4.3125, 1.0625], "texture": "#1"},
				"down": {"uv": [4.25, 1, 4.3125, 1.0625], "texture": "#1"}
			}
		},
		{
			"from": [0, -3.02439, 17.64946],
			"to": [0.89553, -2.12887, 18.54499],
			"rotation": {"angle": 22.5, "axis": "x", "origin": [0, -3.02439, 18.54499]},
			"faces": {
				"north": {"uv": [4.25, 1, 4.3125, 1.0625], "rotation": 180, "texture": "#1"},
				"east": {"uv": [4.25, 1, 4.3125, 1.0625], "rotation": 90, "texture": "#1"},
				"south": {"uv": [4.25, 1, 4.3125, 1.0625], "texture": "#1"},
				"west": {"uv": [4.25, 1, 4.3125, 1.0625], "rotation": 270, "texture": "#1"},
				"up": {"uv": [4.25, 1, 4.3125, 1.0625], "texture": "#1"},
				"down": {"uv": [4.25, 1, 4.3125, 1.0625], "rotation": 180, "texture": "#1"}
			}
		},
		{
			"from": [0, -6.35645, 17.1648],
			"to": [0.89553, -5.46092, 18.06033],
			"rotation": {"angle": 0, "axis": "y", "origin": [0, -6.35645, 17.1648]},
			"faces": {
				"north": {"uv": [4.25, 1, 4.3125, 1.0625], "texture": "#1"},
				"east": {"uv": [4.25, 1, 4.3125, 1.0625], "texture": "#1"},
				"south": {"uv": [4.25, 1, 4.3125, 1.0625], "texture": "#1"},
				"west": {"uv": [4.25, 1, 4.3125, 1.0625], "texture": "#1"},
				"up": {"uv": [4.25, 1, 4.3125, 1.0625], "texture": "#1"},
				"down": {"uv": [4.25, 1, 4.3125, 1.0625], "texture": "#1"}
			}
		},
		{
			"from": [0, -2.74986, 17.1648],
			"to": [0.89553, -1.85433, 18.06033],
			"rotation": {"angle": 0, "axis": "y", "origin": [0, -2.74986, 17.1648]},
			"faces": {
				"north": {"uv": [4.25, 1, 4.3125, 1.0625], "texture": "#1"},
				"east": {"uv": [4.25, 1, 4.3125, 1.0625], "texture": "#1"},
				"south": {"uv": [4.25, 1, 4.3125, 1.0625], "texture": "#1"},
				"west": {"uv": [4.25, 1, 4.3125, 1.0625], "texture": "#1"},
				"up": {"uv": [4.25, 1, 4.3125, 1.0625], "texture": "#1"},
				"down": {"uv": [4.25, 1, 4.3125, 1.0625], "texture": "#1"}
			}
		},
		{
			"from": [0, -4.00033, 15.29334],
			"to": [0.89553, -3.1048, 16.18887],
			"rotation": {"angle": 22.5, "axis": "x", "origin": [0, -4.00033, 16.18887]},
			"faces": {
				"north": {"uv": [4.25, 1, 4.3125, 1.0625], "texture": "#1"},
				"east": {"uv": [4.25, 1, 4.3125, 1.0625], "texture": "#1"},
				"south": {"uv": [4.25, 1, 4.3125, 1.0625], "texture": "#1"},
				"west": {"uv": [4.25, 1, 4.3125, 1.0625], "texture": "#1"},
				"up": {"uv": [4.25, 1, 4.3125, 1.0625], "texture": "#1"},
				"down": {"uv": [4.25, 1, 4.3125, 1.0625], "texture": "#1"}
			}
		},
		{
			"from": [0, -4.55315, 15.36151],
			"to": [0.89553, -3.65763, 16.25704],
			"rotation": {"angle": 0, "axis": "y", "origin": [0, -4.55315, 16.25704]},
			"faces": {
				"north": {"uv": [4.25, 1, 4.3125, 1.0625], "texture": "#1"},
				"east": {"uv": [4.25, 1, 4.3125, 1.0625], "texture": "#1"},
				"south": {"uv": [4.25, 1, 4.3125, 1.0625], "texture": "#1"},
				"west": {"uv": [4.25, 1, 4.3125, 1.0625], "texture": "#1"},
				"up": {"uv": [4.25, 1, 4.3125, 1.0625], "texture": "#1"},
				"down": {"uv": [4.25, 1, 4.3125, 1.0625], "texture": "#1"}
			}
		},
		{
			"from": [0, -5.03781, 15.63604],
			"to": [0.89553, -4.14228, 16.53157],
			"rotation": {"angle": -22.5, "axis": "x", "origin": [0, -5.03781, 16.53157]},
			"faces": {
				"north": {"uv": [4.25, 1, 4.3125, 1.0625], "texture": "#1"},
				"east": {"uv": [4.25, 1, 4.3125, 1.0625], "texture": "#1"},
				"south": {"uv": [4.25, 1, 4.3125, 1.0625], "texture": "#1"},
				"west": {"uv": [4.25, 1, 4.3125, 1.0625], "texture": "#1"},
				"up": {"uv": [4.25, 1, 4.3125, 1.0625], "texture": "#1"},
				"down": {"uv": [4.25, 1, 4.3125, 1.0625], "texture": "#1"}
			}
		},
		{
			"from": [0, -6.27604, 16.07515],
			"to": [0.89553, -5.38051, 16.97068],
			"rotation": {"angle": 45, "axis": "x", "origin": [0, -5.38051, 16.97068]},
			"faces": {
				"north": {"uv": [4.25, 1, 4.3125, 1.0625], "texture": "#1"},
				"east": {"uv": [4.25, 1, 4.3125, 1.0625], "rotation": 270, "texture": "#1"},
				"south": {"uv": [4.25, 1, 4.3125, 1.0625], "rotation": 180, "texture": "#1"},
				"west": {"uv": [4.25, 1, 4.3125, 1.0625], "rotation": 90, "texture": "#1"},
				"up": {"uv": [4.25, 1, 4.3125, 1.0625], "rotation": 180, "texture": "#1"},
				"down": {"uv": [4.25, 1, 4.3125, 1.0625], "texture": "#1"}
			}
		},
		{
			"from": [0, -6.76732, 16.54381],
			"to": [0.89553, -5.87179, 17.43934],
			"rotation": {"angle": 22.5, "axis": "x", "origin": [0, -5.87179, 18.33487]},
			"faces": {
				"north": {"uv": [4.25, 1, 4.3125, 1.0625], "texture": "#1"},
				"east": {"uv": [4.25, 1, 4.3125, 1.0625], "texture": "#1"},
				"south": {"uv": [4.25, 1, 4.3125, 1.0625], "texture": "#1"},
				"west": {"uv": [4.25, 1, 4.3125, 1.0625], "texture": "#1"},
				"up": {"uv": [4.25, 1, 4.3125, 1.0625], "texture": "#1"},
				"down": {"uv": [4.25, 1, 4.3125, 1.0625], "texture": "#1"}
			}
		},
		{
			"from": [0, -2.61352, 16.26928],
			"to": [0.89553, -1.71799, 17.1648],
			"rotation": {"angle": -22.5, "axis": "x", "origin": [0, -1.78616, 17.50751]},
			"faces": {
				"north": {"uv": [4.25, 1, 4.3125, 1.0625], "rotation": 180, "texture": "#1"},
				"east": {"uv": [4.25, 1, 4.3125, 1.0625], "rotation": 90, "texture": "#1"},
				"south": {"uv": [4.25, 1, 4.3125, 1.0625], "texture": "#1"},
				"west": {"uv": [4.25, 1, 4.3125, 1.0625], "rotation": 270, "texture": "#1"},
				"up": {"uv": [4.25, 1, 4.3125, 1.0625], "rotation": 180, "texture": "#1"},
				"down": {"uv": [4.25, 1, 4.3125, 1.0625], "texture": "#1"}
			}
		},
		{
			"from": [0, -3.4635, -1.5731],
			"to": [0.89553, -2.56797, -0.67757],
			"rotation": {"angle": 45, "axis": "x", "origin": [0, -3.4635, -0.67757]},
			"faces": {
				"north": {"uv": [4.25, 1, 4.3125, 1.0625], "texture": "#1"},
				"east": {"uv": [4.25, 1, 4.3125, 1.0625], "texture": "#1"},
				"south": {"uv": [4.25, 1, 4.3125, 1.0625], "texture": "#1"},
				"west": {"uv": [4.25, 1, 4.3125, 1.0625], "texture": "#1"},
				"up": {"uv": [4.25, 1, 4.3125, 1.0625], "texture": "#1"},
				"down": {"uv": [4.25, 1, 4.3125, 1.0625], "texture": "#1"}
			}
		},
		{
			"from": [0, -6.27604, 1.23944],
			"to": [0.89553, -5.38051, 2.13497],
			"rotation": {"angle": -45, "axis": "x", "origin": [0, -5.38051, 1.23944]},
			"faces": {
				"north": {"uv": [4.25, 1, 4.3125, 1.0625], "rotation": 180, "texture": "#1"},
				"east": {"uv": [4.25, 1, 4.3125, 1.0625], "rotation": 270, "texture": "#1"},
				"south": {"uv": [4.25, 1, 4.3125, 1.0625], "texture": "#1"},
				"west": {"uv": [4.25, 1, 4.3125, 1.0625], "rotation": 90, "texture": "#1"},
				"up": {"uv": [4.25, 1, 4.3125, 1.0625], "rotation": 180, "texture": "#1"},
				"down": {"uv": [4.25, 1, 4.3125, 1.0625], "texture": "#1"}
			}
		},
		{
			"from": [0, -6.76732, 0.77078],
			"to": [0.89553, -5.87179, 1.6663],
			"rotation": {"angle": -22.5, "axis": "x", "origin": [0, -5.87179, -0.12475]},
			"faces": {
				"north": {"uv": [4.25, 1, 4.3125, 1.0625], "texture": "#1"},
				"east": {"uv": [4.25, 1, 4.3125, 1.0625], "texture": "#1"},
				"south": {"uv": [4.25, 1, 4.3125, 1.0625], "texture": "#1"},
				"west": {"uv": [4.25, 1, 4.3125, 1.0625], "texture": "#1"},
				"up": {"uv": [4.25, 1, 4.3125, 1.0625], "texture": "#1"},
				"down": {"uv": [4.25, 1, 4.3125, 1.0625], "texture": "#1"}
			}
		},
		{
			"from": [0, -5.03781, 1.67855],
			"to": [0.89553, -4.14228, 2.57407],
			"rotation": {"angle": 22.5, "axis": "x", "origin": [0, -5.03781, 1.67855]},
			"faces": {
				"north": {"uv": [4.25, 1, 4.3125, 1.0625], "texture": "#1"},
				"east": {"uv": [4.25, 1, 4.3125, 1.0625], "texture": "#1"},
				"south": {"uv": [4.25, 1, 4.3125, 1.0625], "texture": "#1"},
				"west": {"uv": [4.25, 1, 4.3125, 1.0625], "texture": "#1"},
				"up": {"uv": [4.25, 1, 4.3125, 1.0625], "texture": "#1"},
				"down": {"uv": [4.25, 1, 4.3125, 1.0625], "texture": "#1"}
			}
		},
		{
			"from": [0, -4.55315, 1.95308],
			"to": [0.89553, -3.65763, 2.84861],
			"rotation": {"angle": 0, "axis": "y", "origin": [0, -4.55315, 1.95308]},
			"faces": {
				"north": {"uv": [4.25, 1, 4.3125, 1.0625], "texture": "#1"},
				"east": {"uv": [4.25, 1, 4.3125, 1.0625], "texture": "#1"},
				"south": {"uv": [4.25, 1, 4.3125, 1.0625], "texture": "#1"},
				"west": {"uv": [4.25, 1, 4.3125, 1.0625], "texture": "#1"},
				"up": {"uv": [4.25, 1, 4.3125, 1.0625], "texture": "#1"},
				"down": {"uv": [4.25, 1, 4.3125, 1.0625], "texture": "#1"}
			}
		},
		{
			"from": [0, -4.00033, 2.02125],
			"to": [0.89553, -3.1048, 2.91678],
			"rotation": {"angle": -22.5, "axis": "x", "origin": [0, -4.00033, 2.02125]},
			"faces": {
				"north": {"uv": [4.25, 1, 4.3125, 1.0625], "texture": "#1"},
				"east": {"uv": [4.25, 1, 4.3125, 1.0625], "texture": "#1"},
				"south": {"uv": [4.25, 1, 4.3125, 1.0625], "texture": "#1"},
				"west": {"uv": [4.25, 1, 4.3125, 1.0625], "texture": "#1"},
				"up": {"uv": [4.25, 1, 4.3125, 1.0625], "texture": "#1"},
				"down": {"uv": [4.25, 1, 4.3125, 1.0625], "texture": "#1"}
			}
		},
		{
			"from": [0, -3.4635, 1.87267],
			"to": [0.89553, -2.56797, 2.7682],
			"rotation": {"angle": -45, "axis": "x", "origin": [0, -3.4635, 1.87267]},
			"faces": {
				"north": {"uv": [4.25, 1, 4.3125, 1.0625], "texture": "#1"},
				"east": {"uv": [4.25, 1, 4.3125, 1.0625], "texture": "#1"},
				"south": {"uv": [4.25, 1, 4.3125, 1.0625], "texture": "#1"},
				"west": {"uv": [4.25, 1, 4.3125, 1.0625], "texture": "#1"},
				"up": {"uv": [4.25, 1, 4.3125, 1.0625], "texture": "#1"},
				"down": {"uv": [4.25, 1, 4.3125, 1.0625], "texture": "#1"}
			}
		},
		{
			"from": [0, -3.02439, 0.63444],
			"to": [0.89553, -2.12887, 1.52997],
			"rotation": {"angle": 22.5, "axis": "x", "origin": [0, -3.02439, 1.52997]},
			"faces": {
				"north": {"uv": [4.25, 1, 4.3125, 1.0625], "rotation": 180, "texture": "#1"},
				"east": {"uv": [4.25, 1, 4.3125, 1.0625], "rotation": 90, "texture": "#1"},
				"south": {"uv": [4.25, 1, 4.3125, 1.0625], "texture": "#1"},
				"west": {"uv": [4.25, 1, 4.3125, 1.0625], "rotation": 270, "texture": "#1"},
				"up": {"uv": [4.25, 1, 4.3125, 1.0625], "texture": "#1"},
				"down": {"uv": [4.25, 1, 4.3125, 1.0625], "rotation": 180, "texture": "#1"}
			}
		},
		{
			"from": [0, -6.35645, 0.14978],
			"to": [0.89553, -5.46092, 1.04531],
			"rotation": {"angle": 0, "axis": "y", "origin": [0, -6.35645, 0.14978]},
			"faces": {
				"north": {"uv": [4.25, 1, 4.3125, 1.0625], "texture": "#1"},
				"east": {"uv": [4.25, 1, 4.3125, 1.0625], "texture": "#1"},
				"south": {"uv": [4.25, 1, 4.3125, 1.0625], "texture": "#1"},
				"west": {"uv": [4.25, 1, 4.3125, 1.0625], "texture": "#1"},
				"up": {"uv": [4.25, 1, 4.3125, 1.0625], "texture": "#1"},
				"down": {"uv": [4.25, 1, 4.3125, 1.0625], "texture": "#1"}
			}
		},
		{
			"from": [0, -2.74986, 0.14978],
			"to": [0.89553, -1.85433, 1.04531],
			"rotation": {"angle": 0, "axis": "y", "origin": [0, -2.74986, 0.14978]},
			"faces": {
				"north": {"uv": [4.25, 1, 4.3125, 1.0625], "texture": "#1"},
				"east": {"uv": [4.25, 1, 4.3125, 1.0625], "texture": "#1"},
				"south": {"uv": [4.25, 1, 4.3125, 1.0625], "texture": "#1"},
				"west": {"uv": [4.25, 1, 4.3125, 1.0625], "texture": "#1"},
				"up": {"uv": [4.25, 1, 4.3125, 1.0625], "texture": "#1"},
				"down": {"uv": [4.25, 1, 4.3125, 1.0625], "texture": "#1"}
			}
		},
		{
			"from": [0, -4.00033, -1.72168],
			"to": [0.89553, -3.1048, -0.82615],
			"rotation": {"angle": 22.5, "axis": "x", "origin": [0, -4.00033, -0.82615]},
			"faces": {
				"north": {"uv": [4.25, 1, 4.3125, 1.0625], "texture": "#1"},
				"east": {"uv": [4.25, 1, 4.3125, 1.0625], "texture": "#1"},
				"south": {"uv": [4.25, 1, 4.3125, 1.0625], "texture": "#1"},
				"west": {"uv": [4.25, 1, 4.3125, 1.0625], "texture": "#1"},
				"up": {"uv": [4.25, 1, 4.3125, 1.0625], "texture": "#1"},
				"down": {"uv": [4.25, 1, 4.3125, 1.0625], "texture": "#1"}
			}
		},
		{
			"from": [0, -4.55315, -1.65351],
			"to": [0.89553, -3.65763, -0.75798],
			"rotation": {"angle": 0, "axis": "y", "origin": [0, -4.55315, -0.75798]},
			"faces": {
				"north": {"uv": [4.25, 1, 4.3125, 1.0625], "texture": "#1"},
				"east": {"uv": [4.25, 1, 4.3125, 1.0625], "texture": "#1"},
				"south": {"uv": [4.25, 1, 4.3125, 1.0625], "texture": "#1"},
				"west": {"uv": [4.25, 1, 4.3125, 1.0625], "texture": "#1"},
				"up": {"uv": [4.25, 1, 4.3125, 1.0625], "texture": "#1"},
				"down": {"uv": [4.25, 1, 4.3125, 1.0625], "texture": "#1"}
			}
		},
		{
			"from": [0, -5.03781, -1.37898],
			"to": [0.89553, -4.14228, -0.48345],
			"rotation": {"angle": -22.5, "axis": "x", "origin": [0, -5.03781, -0.48345]},
			"faces": {
				"north": {"uv": [4.25, 1, 4.3125, 1.0625], "texture": "#1"},
				"east": {"uv": [4.25, 1, 4.3125, 1.0625], "texture": "#1"},
				"south": {"uv": [4.25, 1, 4.3125, 1.0625], "texture": "#1"},
				"west": {"uv": [4.25, 1, 4.3125, 1.0625], "texture": "#1"},
				"up": {"uv": [4.25, 1, 4.3125, 1.0625], "texture": "#1"},
				"down": {"uv": [4.25, 1, 4.3125, 1.0625], "texture": "#1"}
			}
		},
		{
			"from": [0, -6.27604, -0.93987],
			"to": [0.89553, -5.38051, -0.04434],
			"rotation": {"angle": 45, "axis": "x", "origin": [0, -5.38051, -0.04434]},
			"faces": {
				"north": {"uv": [4.25, 1, 4.3125, 1.0625], "texture": "#1"},
				"east": {"uv": [4.25, 1, 4.3125, 1.0625], "rotation": 270, "texture": "#1"},
				"south": {"uv": [4.25, 1, 4.3125, 1.0625], "rotation": 180, "texture": "#1"},
				"west": {"uv": [4.25, 1, 4.3125, 1.0625], "rotation": 90, "texture": "#1"},
				"up": {"uv": [4.25, 1, 4.3125, 1.0625], "rotation": 180, "texture": "#1"},
				"down": {"uv": [4.25, 1, 4.3125, 1.0625], "texture": "#1"}
			}
		},
		{
			"from": [0, -6.76732, -0.47121],
			"to": [0.89553, -5.87179, 0.42432],
			"rotation": {"angle": 22.5, "axis": "x", "origin": [0, -5.87179, 1.31985]},
			"faces": {
				"north": {"uv": [4.25, 1, 4.3125, 1.0625], "texture": "#1"},
				"east": {"uv": [4.25, 1, 4.3125, 1.0625], "texture": "#1"},
				"south": {"uv": [4.25, 1, 4.3125, 1.0625], "texture": "#1"},
				"west": {"uv": [4.25, 1, 4.3125, 1.0625], "texture": "#1"},
				"up": {"uv": [4.25, 1, 4.3125, 1.0625], "texture": "#1"},
				"down": {"uv": [4.25, 1, 4.3125, 1.0625], "texture": "#1"}
			}
		},
		{
			"from": [0, -2.61352, -0.74574],
			"to": [0.89553, -1.71799, 0.14978],
			"rotation": {"angle": -22.5, "axis": "x", "origin": [0, -1.78616, 0.49249]},
			"faces": {
				"north": {"uv": [4.25, 1, 4.3125, 1.0625], "rotation": 180, "texture": "#1"},
				"east": {"uv": [4.25, 1, 4.3125, 1.0625], "rotation": 90, "texture": "#1"},
				"south": {"uv": [4.25, 1, 4.3125, 1.0625], "texture": "#1"},
				"west": {"uv": [4.25, 1, 4.3125, 1.0625], "rotation": 270, "texture": "#1"},
				"up": {"uv": [4.25, 1, 4.3125, 1.0625], "rotation": 180, "texture": "#1"},
				"down": {"uv": [4.25, 1, 4.3125, 1.0625], "texture": "#1"}
			}
		},
		{
			"from": [12.51404, -3.4635, -1.5731],
			"to": [13.40957, -2.56797, -0.67757],
			"rotation": {"angle": 45, "axis": "x", "origin": [12.51404, -3.4635, -0.67757]},
			"faces": {
				"north": {"uv": [4.25, 1, 4.3125, 1.0625], "texture": "#1"},
				"east": {"uv": [4.25, 1, 4.3125, 1.0625], "texture": "#1"},
				"south": {"uv": [4.25, 1, 4.3125, 1.0625], "texture": "#1"},
				"west": {"uv": [4.25, 1, 4.3125, 1.0625], "texture": "#1"},
				"up": {"uv": [4.25, 1, 4.3125, 1.0625], "texture": "#1"},
				"down": {"uv": [4.25, 1, 4.3125, 1.0625], "texture": "#1"}
			}
		},
		{
			"from": [12.51404, -6.27604, 1.23944],
			"to": [13.40957, -5.38051, 2.13497],
			"rotation": {"angle": -45, "axis": "x", "origin": [12.51404, -5.38051, 1.23944]},
			"faces": {
				"north": {"uv": [4.25, 1, 4.3125, 1.0625], "rotation": 180, "texture": "#1"},
				"east": {"uv": [4.25, 1, 4.3125, 1.0625], "rotation": 270, "texture": "#1"},
				"south": {"uv": [4.25, 1, 4.3125, 1.0625], "texture": "#1"},
				"west": {"uv": [4.25, 1, 4.3125, 1.0625], "rotation": 90, "texture": "#1"},
				"up": {"uv": [4.25, 1, 4.3125, 1.0625], "rotation": 180, "texture": "#1"},
				"down": {"uv": [4.25, 1, 4.3125, 1.0625], "texture": "#1"}
			}
		},
		{
			"from": [12.51404, -6.76732, 0.77078],
			"to": [13.40957, -5.87179, 1.6663],
			"rotation": {"angle": -22.5, "axis": "x", "origin": [12.51404, -5.87179, -0.12475]},
			"faces": {
				"north": {"uv": [4.25, 1, 4.3125, 1.0625], "texture": "#1"},
				"east": {"uv": [4.25, 1, 4.3125, 1.0625], "texture": "#1"},
				"south": {"uv": [4.25, 1, 4.3125, 1.0625], "texture": "#1"},
				"west": {"uv": [4.25, 1, 4.3125, 1.0625], "texture": "#1"},
				"up": {"uv": [4.25, 1, 4.3125, 1.0625], "texture": "#1"},
				"down": {"uv": [4.25, 1, 4.3125, 1.0625], "texture": "#1"}
			}
		},
		{
			"from": [12.51404, -5.03781, 1.67855],
			"to": [13.40957, -4.14228, 2.57407],
			"rotation": {"angle": 22.5, "axis": "x", "origin": [12.51404, -5.03781, 1.67855]},
			"faces": {
				"north": {"uv": [4.25, 1, 4.3125, 1.0625], "texture": "#1"},
				"east": {"uv": [4.25, 1, 4.3125, 1.0625], "texture": "#1"},
				"south": {"uv": [4.25, 1, 4.3125, 1.0625], "texture": "#1"},
				"west": {"uv": [4.25, 1, 4.3125, 1.0625], "texture": "#1"},
				"up": {"uv": [4.25, 1, 4.3125, 1.0625], "texture": "#1"},
				"down": {"uv": [4.25, 1, 4.3125, 1.0625], "texture": "#1"}
			}
		},
		{
			"from": [12.51404, -4.55315, 1.95308],
			"to": [13.40957, -3.65763, 2.84861],
			"rotation": {"angle": 0, "axis": "y", "origin": [12.51404, -4.55315, 1.95308]},
			"faces": {
				"north": {"uv": [4.25, 1, 4.3125, 1.0625], "texture": "#1"},
				"east": {"uv": [4.25, 1, 4.3125, 1.0625], "texture": "#1"},
				"south": {"uv": [4.25, 1, 4.3125, 1.0625], "texture": "#1"},
				"west": {"uv": [4.25, 1, 4.3125, 1.0625], "texture": "#1"},
				"up": {"uv": [4.25, 1, 4.3125, 1.0625], "texture": "#1"},
				"down": {"uv": [4.25, 1, 4.3125, 1.0625], "texture": "#1"}
			}
		},
		{
			"from": [12.51404, -4.00033, 2.02125],
			"to": [13.40957, -3.1048, 2.91678],
			"rotation": {"angle": -22.5, "axis": "x", "origin": [12.51404, -4.00033, 2.02125]},
			"faces": {
				"north": {"uv": [4.25, 1, 4.3125, 1.0625], "texture": "#1"},
				"east": {"uv": [4.25, 1, 4.3125, 1.0625], "texture": "#1"},
				"south": {"uv": [4.25, 1, 4.3125, 1.0625], "texture": "#1"},
				"west": {"uv": [4.25, 1, 4.3125, 1.0625], "texture": "#1"},
				"up": {"uv": [4.25, 1, 4.3125, 1.0625], "texture": "#1"},
				"down": {"uv": [4.25, 1, 4.3125, 1.0625], "texture": "#1"}
			}
		},
		{
			"from": [12.51404, -3.4635, 1.87267],
			"to": [13.40957, -2.56797, 2.7682],
			"rotation": {"angle": -45, "axis": "x", "origin": [12.51404, -3.4635, 1.87267]},
			"faces": {
				"north": {"uv": [4.25, 1, 4.3125, 1.0625], "texture": "#1"},
				"east": {"uv": [4.25, 1, 4.3125, 1.0625], "texture": "#1"},
				"south": {"uv": [4.25, 1, 4.3125, 1.0625], "texture": "#1"},
				"west": {"uv": [4.25, 1, 4.3125, 1.0625], "texture": "#1"},
				"up": {"uv": [4.25, 1, 4.3125, 1.0625], "texture": "#1"},
				"down": {"uv": [4.25, 1, 4.3125, 1.0625], "texture": "#1"}
			}
		},
		{
			"from": [12.51404, -3.02439, 0.63444],
			"to": [13.40957, -2.12887, 1.52997],
			"rotation": {"angle": 22.5, "axis": "x", "origin": [12.51404, -3.02439, 1.52997]},
			"faces": {
				"north": {"uv": [4.25, 1, 4.3125, 1.0625], "rotation": 180, "texture": "#1"},
				"east": {"uv": [4.25, 1, 4.3125, 1.0625], "rotation": 90, "texture": "#1"},
				"south": {"uv": [4.25, 1, 4.3125, 1.0625], "texture": "#1"},
				"west": {"uv": [4.25, 1, 4.3125, 1.0625], "rotation": 270, "texture": "#1"},
				"up": {"uv": [4.25, 1, 4.3125, 1.0625], "texture": "#1"},
				"down": {"uv": [4.25, 1, 4.3125, 1.0625], "rotation": 180, "texture": "#1"}
			}
		},
		{
			"from": [12.51404, -6.35645, 0.14978],
			"to": [13.40957, -5.46092, 1.04531],
			"rotation": {"angle": 0, "axis": "y", "origin": [12.51404, -6.35645, 0.14978]},
			"faces": {
				"north": {"uv": [4.25, 1, 4.3125, 1.0625], "texture": "#1"},
				"east": {"uv": [4.25, 1, 4.3125, 1.0625], "texture": "#1"},
				"south": {"uv": [4.25, 1, 4.3125, 1.0625], "texture": "#1"},
				"west": {"uv": [4.25, 1, 4.3125, 1.0625], "texture": "#1"},
				"up": {"uv": [4.25, 1, 4.3125, 1.0625], "texture": "#1"},
				"down": {"uv": [4.25, 1, 4.3125, 1.0625], "texture": "#1"}
			}
		},
		{
			"from": [12.51404, -2.74986, 0.14978],
			"to": [13.40957, -1.85433, 1.04531],
			"rotation": {"angle": 0, "axis": "y", "origin": [12.51404, -2.74986, 0.14978]},
			"faces": {
				"north": {"uv": [4.25, 1, 4.3125, 1.0625], "texture": "#1"},
				"east": {"uv": [4.25, 1, 4.3125, 1.0625], "texture": "#1"},
				"south": {"uv": [4.25, 1, 4.3125, 1.0625], "texture": "#1"},
				"west": {"uv": [4.25, 1, 4.3125, 1.0625], "texture": "#1"},
				"up": {"uv": [4.25, 1, 4.3125, 1.0625], "texture": "#1"},
				"down": {"uv": [4.25, 1, 4.3125, 1.0625], "texture": "#1"}
			}
		},
		{
			"from": [12.51404, -4.00033, -1.72168],
			"to": [13.40957, -3.1048, -0.82615],
			"rotation": {"angle": 22.5, "axis": "x", "origin": [12.51404, -4.00033, -0.82615]},
			"faces": {
				"north": {"uv": [4.25, 1, 4.3125, 1.0625], "texture": "#1"},
				"east": {"uv": [4.25, 1, 4.3125, 1.0625], "texture": "#1"},
				"south": {"uv": [4.25, 1, 4.3125, 1.0625], "texture": "#1"},
				"west": {"uv": [4.25, 1, 4.3125, 1.0625], "texture": "#1"},
				"up": {"uv": [4.25, 1, 4.3125, 1.0625], "texture": "#1"},
				"down": {"uv": [4.25, 1, 4.3125, 1.0625], "texture": "#1"}
			}
		},
		{
			"from": [12.51404, -4.55315, -1.65351],
			"to": [13.40957, -3.65763, -0.75798],
			"rotation": {"angle": 0, "axis": "y", "origin": [12.51404, -4.55315, -0.75798]},
			"faces": {
				"north": {"uv": [4.25, 1, 4.3125, 1.0625], "texture": "#1"},
				"east": {"uv": [4.25, 1, 4.3125, 1.0625], "texture": "#1"},
				"south": {"uv": [4.25, 1, 4.3125, 1.0625], "texture": "#1"},
				"west": {"uv": [4.25, 1, 4.3125, 1.0625], "texture": "#1"},
				"up": {"uv": [4.25, 1, 4.3125, 1.0625], "texture": "#1"},
				"down": {"uv": [4.25, 1, 4.3125, 1.0625], "texture": "#1"}
			}
		},
		{
			"from": [12.51404, -5.03781, -1.37898],
			"to": [13.40957, -4.14228, -0.48345],
			"rotation": {"angle": -22.5, "axis": "x", "origin": [12.51404, -5.03781, -0.48345]},
			"faces": {
				"north": {"uv": [4.25, 1, 4.3125, 1.0625], "texture": "#1"},
				"east": {"uv": [4.25, 1, 4.3125, 1.0625], "texture": "#1"},
				"south": {"uv": [4.25, 1, 4.3125, 1.0625], "texture": "#1"},
				"west": {"uv": [4.25, 1, 4.3125, 1.0625], "texture": "#1"},
				"up": {"uv": [4.25, 1, 4.3125, 1.0625], "texture": "#1"},
				"down": {"uv": [4.25, 1, 4.3125, 1.0625], "texture": "#1"}
			}
		},
		{
			"from": [12.51404, -6.27604, -0.93987],
			"to": [13.40957, -5.38051, -0.04434],
			"rotation": {"angle": 45, "axis": "x", "origin": [12.51404, -5.38051, -0.04434]},
			"faces": {
				"north": {"uv": [4.25, 1, 4.3125, 1.0625], "texture": "#1"},
				"east": {"uv": [4.25, 1, 4.3125, 1.0625], "rotation": 270, "texture": "#1"},
				"south": {"uv": [4.25, 1, 4.3125, 1.0625], "rotation": 180, "texture": "#1"},
				"west": {"uv": [4.25, 1, 4.3125, 1.0625], "rotation": 90, "texture": "#1"},
				"up": {"uv": [4.25, 1, 4.3125, 1.0625], "rotation": 180, "texture": "#1"},
				"down": {"uv": [4.25, 1, 4.3125, 1.0625], "texture": "#1"}
			}
		},
		{
			"from": [12.51404, -6.76732, -0.47121],
			"to": [13.40957, -5.87179, 0.42432],
			"rotation": {"angle": 22.5, "axis": "x", "origin": [12.51404, -5.87179, 1.31985]},
			"faces": {
				"north": {"uv": [4.25, 1, 4.3125, 1.0625], "texture": "#1"},
				"east": {"uv": [4.25, 1, 4.3125, 1.0625], "texture": "#1"},
				"south": {"uv": [4.25, 1, 4.3125, 1.0625], "texture": "#1"},
				"west": {"uv": [4.25, 1, 4.3125, 1.0625], "texture": "#1"},
				"up": {"uv": [4.25, 1, 4.3125, 1.0625], "texture": "#1"},
				"down": {"uv": [4.25, 1, 4.3125, 1.0625], "texture": "#1"}
			}
		},
		{
			"from": [12.51404, -2.61352, -0.74574],
			"to": [13.40957, -1.71799, 0.14978],
			"rotation": {"angle": -22.5, "axis": "x", "origin": [12.51404, -1.78616, 0.49249]},
			"faces": {
				"north": {"uv": [4.25, 1, 4.3125, 1.0625], "rotation": 180, "texture": "#1"},
				"east": {"uv": [4.25, 1, 4.3125, 1.0625], "rotation": 90, "texture": "#1"},
				"south": {"uv": [4.25, 1, 4.3125, 1.0625], "texture": "#1"},
				"west": {"uv": [4.25, 1, 4.3125, 1.0625], "rotation": 270, "texture": "#1"},
				"up": {"uv": [4.25, 1, 4.3125, 1.0625], "rotation": 180, "texture": "#1"},
				"down": {"uv": [4.25, 1, 4.3125, 1.0625], "texture": "#1"}
			}
		},
		{
			"from": [12.51404, -3.4635, 15.44192],
			"to": [13.40957, -2.56797, 16.33744],
			"rotation": {"angle": 45, "axis": "x", "origin": [12.51404, -3.4635, 16.33744]},
			"faces": {
				"north": {"uv": [4.25, 1, 4.3125, 1.0625], "texture": "#1"},
				"east": {"uv": [4.25, 1, 4.3125, 1.0625], "texture": "#1"},
				"south": {"uv": [4.25, 1, 4.3125, 1.0625], "texture": "#1"},
				"west": {"uv": [4.25, 1, 4.3125, 1.0625], "texture": "#1"},
				"up": {"uv": [4.25, 1, 4.3125, 1.0625], "texture": "#1"},
				"down": {"uv": [4.25, 1, 4.3125, 1.0625], "texture": "#1"}
			}
		},
		{
			"from": [12.51404, -6.27604, 18.25446],
			"to": [13.40957, -5.38051, 19.14998],
			"rotation": {"angle": -45, "axis": "x", "origin": [12.51404, -5.38051, 18.25446]},
			"faces": {
				"north": {"uv": [4.25, 1, 4.3125, 1.0625], "rotation": 180, "texture": "#1"},
				"east": {"uv": [4.25, 1, 4.3125, 1.0625], "rotation": 270, "texture": "#1"},
				"south": {"uv": [4.25, 1, 4.3125, 1.0625], "texture": "#1"},
				"west": {"uv": [4.25, 1, 4.3125, 1.0625], "rotation": 90, "texture": "#1"},
				"up": {"uv": [4.25, 1, 4.3125, 1.0625], "rotation": 180, "texture": "#1"},
				"down": {"uv": [4.25, 1, 4.3125, 1.0625], "texture": "#1"}
			}
		},
		{
			"from": [12.51404, -6.76732, 17.7858],
			"to": [13.40957, -5.87179, 18.68132],
			"rotation": {"angle": -22.5, "axis": "x", "origin": [12.51404, -5.87179, 16.89027]},
			"faces": {
				"north": {"uv": [4.25, 1, 4.3125, 1.0625], "texture": "#1"},
				"east": {"uv": [4.25, 1, 4.3125, 1.0625], "texture": "#1"},
				"south": {"uv": [4.25, 1, 4.3125, 1.0625], "texture": "#1"},
				"west": {"uv": [4.25, 1, 4.3125, 1.0625], "texture": "#1"},
				"up": {"uv": [4.25, 1, 4.3125, 1.0625], "texture": "#1"},
				"down": {"uv": [4.25, 1, 4.3125, 1.0625], "texture": "#1"}
			}
		},
		{
			"from": [12.51404, -5.03781, 18.69357],
			"to": [13.40957, -4.14228, 19.58909],
			"rotation": {"angle": 22.5, "axis": "x", "origin": [12.51404, -5.03781, 18.69357]},
			"faces": {
				"north": {"uv": [4.25, 1, 4.3125, 1.0625], "texture": "#1"},
				"east": {"uv": [4.25, 1, 4.3125, 1.0625], "texture": "#1"},
				"south": {"uv": [4.25, 1, 4.3125, 1.0625], "texture": "#1"},
				"west": {"uv": [4.25, 1, 4.3125, 1.0625], "texture": "#1"},
				"up": {"uv": [4.25, 1, 4.3125, 1.0625], "texture": "#1"},
				"down": {"uv": [4.25, 1, 4.3125, 1.0625], "texture": "#1"}
			}
		},
		{
			"from": [12.51404, -4.55315, 18.9681],
			"to": [13.40957, -3.65763, 19.86363],
			"rotation": {"angle": 0, "axis": "x", "origin": [12.51404, -4.55315, 18.9681]},
			"faces": {
				"north": {"uv": [4.25, 1, 4.3125, 1.0625], "texture": "#1"},
				"east": {"uv": [4.25, 1, 4.3125, 1.0625], "texture": "#1"},
				"south": {"uv": [4.25, 1, 4.3125, 1.0625], "texture": "#1"},
				"west": {"uv": [4.25, 1, 4.3125, 1.0625], "texture": "#1"},
				"up": {"uv": [4.25, 1, 4.3125, 1.0625], "texture": "#1"},
				"down": {"uv": [4.25, 1, 4.3125, 1.0625], "texture": "#1"}
			}
		},
		{
			"from": [12.51404, -4.00033, 19.03627],
			"to": [13.40957, -3.1048, 19.9318],
			"rotation": {"angle": -22.5, "axis": "x", "origin": [12.51404, -4.00033, 19.03627]},
			"faces": {
				"north": {"uv": [4.25, 1, 4.3125, 1.0625], "texture": "#1"},
				"east": {"uv": [4.25, 1, 4.3125, 1.0625], "texture": "#1"},
				"south": {"uv": [4.25, 1, 4.3125, 1.0625], "texture": "#1"},
				"west": {"uv": [4.25, 1, 4.3125, 1.0625], "texture": "#1"},
				"up": {"uv": [4.25, 1, 4.3125, 1.0625], "texture": "#1"},
				"down": {"uv": [4.25, 1, 4.3125, 1.0625], "texture": "#1"}
			}
		},
		{
			"from": [12.51404, -3.4635, 18.88769],
			"to": [13.40957, -2.56797, 19.78322],
			"rotation": {"angle": -45, "axis": "x", "origin": [12.51404, -3.4635, 18.88769]},
			"faces": {
				"north": {"uv": [4.25, 1, 4.3125, 1.0625], "texture": "#1"},
				"east": {"uv": [4.25, 1, 4.3125, 1.0625], "texture": "#1"},
				"south": {"uv": [4.25, 1, 4.3125, 1.0625], "texture": "#1"},
				"west": {"uv": [4.25, 1, 4.3125, 1.0625], "texture": "#1"},
				"up": {"uv": [4.25, 1, 4.3125, 1.0625], "texture": "#1"},
				"down": {"uv": [4.25, 1, 4.3125, 1.0625], "texture": "#1"}
			}
		},
		{
			"from": [12.51404, -3.02439, 17.64946],
			"to": [13.40957, -2.12887, 18.54499],
			"rotation": {"angle": 22.5, "axis": "x", "origin": [12.51404, -3.02439, 18.54499]},
			"faces": {
				"north": {"uv": [4.25, 1, 4.3125, 1.0625], "rotation": 180, "texture": "#1"},
				"east": {"uv": [4.25, 1, 4.3125, 1.0625], "rotation": 90, "texture": "#1"},
				"south": {"uv": [4.25, 1, 4.3125, 1.0625], "texture": "#1"},
				"west": {"uv": [4.25, 1, 4.3125, 1.0625], "rotation": 270, "texture": "#1"},
				"up": {"uv": [4.25, 1, 4.3125, 1.0625], "texture": "#1"},
				"down": {"uv": [4.25, 1, 4.3125, 1.0625], "rotation": 180, "texture": "#1"}
			}
		},
		{
			"from": [12.51404, -6.35645, 17.1648],
			"to": [13.40957, -5.46092, 18.06033],
			"rotation": {"angle": 0, "axis": "y", "origin": [12.51404, -6.35645, 17.1648]},
			"faces": {
				"north": {"uv": [4.25, 1, 4.3125, 1.0625], "texture": "#1"},
				"east": {"uv": [4.25, 1, 4.3125, 1.0625], "texture": "#1"},
				"south": {"uv": [4.25, 1, 4.3125, 1.0625], "texture": "#1"},
				"west": {"uv": [4.25, 1, 4.3125, 1.0625], "texture": "#1"},
				"up": {"uv": [4.25, 1, 4.3125, 1.0625], "texture": "#1"},
				"down": {"uv": [4.25, 1, 4.3125, 1.0625], "texture": "#1"}
			}
		},
		{
			"from": [12.51404, -2.74986, 17.1648],
			"to": [13.40957, -1.85433, 18.06033],
			"rotation": {"angle": 0, "axis": "y", "origin": [12.51404, -2.74986, 17.1648]},
			"faces": {
				"north": {"uv": [4.25, 1, 4.3125, 1.0625], "texture": "#1"},
				"east": {"uv": [4.25, 1, 4.3125, 1.0625], "texture": "#1"},
				"south": {"uv": [4.25, 1, 4.3125, 1.0625], "texture": "#1"},
				"west": {"uv": [4.25, 1, 4.3125, 1.0625], "texture": "#1"},
				"up": {"uv": [4.25, 1, 4.3125, 1.0625], "texture": "#1"},
				"down": {"uv": [4.25, 1, 4.3125, 1.0625], "texture": "#1"}
			}
		},
		{
			"from": [12.51404, -4.00033, 15.29334],
			"to": [13.40957, -3.1048, 16.18887],
			"rotation": {"angle": 22.5, "axis": "x", "origin": [12.51404, -4.00033, 16.18887]},
			"faces": {
				"north": {"uv": [4.25, 1, 4.3125, 1.0625], "texture": "#1"},
				"east": {"uv": [4.25, 1, 4.3125, 1.0625], "texture": "#1"},
				"south": {"uv": [4.25, 1, 4.3125, 1.0625], "texture": "#1"},
				"west": {"uv": [4.25, 1, 4.3125, 1.0625], "texture": "#1"},
				"up": {"uv": [4.25, 1, 4.3125, 1.0625], "texture": "#1"},
				"down": {"uv": [4.25, 1, 4.3125, 1.0625], "texture": "#1"}
			}
		},
		{
			"from": [12.51404, -4.55315, 15.36151],
			"to": [13.40957, -3.65763, 16.25704],
			"rotation": {"angle": 0, "axis": "y", "origin": [12.51404, -4.55315, 16.25704]},
			"faces": {
				"north": {"uv": [4.25, 1, 4.3125, 1.0625], "texture": "#1"},
				"east": {"uv": [4.25, 1, 4.3125, 1.0625], "texture": "#1"},
				"south": {"uv": [4.25, 1, 4.3125, 1.0625], "texture": "#1"},
				"west": {"uv": [4.25, 1, 4.3125, 1.0625], "texture": "#1"},
				"up": {"uv": [4.25, 1, 4.3125, 1.0625], "texture": "#1"},
				"down": {"uv": [4.25, 1, 4.3125, 1.0625], "texture": "#1"}
			}
		},
		{
			"from": [12.51404, -5.03781, 15.63604],
			"to": [13.40957, -4.14228, 16.53157],
			"rotation": {"angle": -22.5, "axis": "x", "origin": [12.51404, -5.03781, 16.53157]},
			"faces": {
				"north": {"uv": [4.25, 1, 4.3125, 1.0625], "texture": "#1"},
				"east": {"uv": [4.25, 1, 4.3125, 1.0625], "texture": "#1"},
				"south": {"uv": [4.25, 1, 4.3125, 1.0625], "texture": "#1"},
				"west": {"uv": [4.25, 1, 4.3125, 1.0625], "texture": "#1"},
				"up": {"uv": [4.25, 1, 4.3125, 1.0625], "texture": "#1"},
				"down": {"uv": [4.25, 1, 4.3125, 1.0625], "texture": "#1"}
			}
		},
		{
			"from": [12.51404, -6.27604, 16.07515],
			"to": [13.40957, -5.38051, 16.97068],
			"rotation": {"angle": 45, "axis": "x", "origin": [12.51404, -5.38051, 16.97068]},
			"faces": {
				"north": {"uv": [4.25, 1, 4.3125, 1.0625], "texture": "#1"},
				"east": {"uv": [4.25, 1, 4.3125, 1.0625], "rotation": 270, "texture": "#1"},
				"south": {"uv": [4.25, 1, 4.3125, 1.0625], "rotation": 180, "texture": "#1"},
				"west": {"uv": [4.25, 1, 4.3125, 1.0625], "rotation": 90, "texture": "#1"},
				"up": {"uv": [4.25, 1, 4.3125, 1.0625], "rotation": 180, "texture": "#1"},
				"down": {"uv": [4.25, 1, 4.3125, 1.0625], "texture": "#1"}
			}
		},
		{
			"from": [12.51404, -6.76732, 16.54381],
			"to": [13.40957, -5.87179, 17.43934],
			"rotation": {"angle": 22.5, "axis": "x", "origin": [12.51404, -5.87179, 18.33487]},
			"faces": {
				"north": {"uv": [4.25, 1, 4.3125, 1.0625], "texture": "#1"},
				"east": {"uv": [4.25, 1, 4.3125, 1.0625], "texture": "#1"},
				"south": {"uv": [4.25, 1, 4.3125, 1.0625], "texture": "#1"},
				"west": {"uv": [4.25, 1, 4.3125, 1.0625], "texture": "#1"},
				"up": {"uv": [4.25, 1, 4.3125, 1.0625], "texture": "#1"},
				"down": {"uv": [4.25, 1, 4.3125, 1.0625], "texture": "#1"}
			}
		},
		{
			"from": [12.51404, -2.61352, 16.26928],
			"to": [13.40957, -1.71799, 17.1648],
			"rotation": {"angle": -22.5, "axis": "x", "origin": [12.51404, -1.78616, 17.50751]},
			"faces": {
				"north": {"uv": [4.25, 1, 4.3125, 1.0625], "rotation": 180, "texture": "#1"},
				"east": {"uv": [4.25, 1, 4.3125, 1.0625], "rotation": 90, "texture": "#1"},
				"south": {"uv": [4.25, 1, 4.3125, 1.0625], "texture": "#1"},
				"west": {"uv": [4.25, 1, 4.3125, 1.0625], "rotation": 270, "texture": "#1"},
				"up": {"uv": [4.25, 1, 4.3125, 1.0625], "rotation": 180, "texture": "#1"},
				"down": {"uv": [4.25, 1, 4.3125, 1.0625], "texture": "#1"}
			}
		},
		{
			"from": [14.94679, 13.26927, 20.81368],
			"to": [14.4065, 12.72899, 24.98184],
			"rotation": {"angle": -45, "axis": "x", "origin": [-1.58827, 9.70112, 21.7817]},
			"faces": {
				"north": {"uv": [4.25, 0, 5.25, 1], "texture": "#1"},
				"east": {"uv": [4.25, 0, 5.25, 1], "texture": "#1"},
				"south": {"uv": [4.25, 0, 5.25, 1], "texture": "#1"},
				"west": {"uv": [4.25, 0, 5.25, 1], "texture": "#1"},
				"up": {"uv": [4.25, 0, 5.25, 1], "texture": "#1"},
				"down": {"uv": [4.25, 0, 5.25, 1], "texture": "#1"}
			}
		},
		{
			"from": [14.94679, 14.46276, 21.49721],
			"to": [14.18138, 13.69735, 24.16488],
			"rotation": {"angle": 0, "axis": "y", "origin": [-1.70083, 5.87965, 10.24643]},
			"faces": {
				"north": {"uv": [4.25, 0, 5.25, 1], "texture": "#1"},
				"east": {"uv": [4.25, 0, 5.25, 1], "texture": "#1"},
				"south": {"uv": [4.25, 0, 5.25, 1], "texture": "#1"},
				"west": {"uv": [4.25, 0, 5.25, 1], "texture": "#1"},
				"up": {"uv": [4.25, 0, 5.25, 1], "texture": "#1"},
				"down": {"uv": [4.25, 0, 5.25, 1], "texture": "#1"}
			}
		},
		{
			"from": [1.27193, 14.46276, 21.68856],
			"to": [0.50652, 13.69735, 24.35623],
			"rotation": {"angle": 0, "axis": "y", "origin": [0.31517, 5.87965, 10.24643]},
			"faces": {
				"north": {"uv": [4.25, 0, 5.25, 1], "texture": "#1"},
				"east": {"uv": [4.25, 0, 5.25, 1], "texture": "#1"},
				"south": {"uv": [4.25, 0, 5.25, 1], "texture": "#1"},
				"west": {"uv": [4.25, 0, 5.25, 1], "texture": "#1"},
				"up": {"uv": [4.25, 0, 5.25, 1], "texture": "#1"},
				"down": {"uv": [4.25, 0, 5.25, 1], "texture": "#1"}
			}
		},
		{
			"from": [1.04681, 13.13397, 21.17364],
			"to": [0.50652, 12.59368, 25.22923],
			"rotation": {"angle": -45, "axis": "x", "origin": [0.20261, 9.56581, 21.83775]},
			"faces": {
				"north": {"uv": [4.25, 0, 5.25, 1], "texture": "#1"},
				"east": {"uv": [4.25, 0, 5.25, 1], "texture": "#1"},
				"south": {"uv": [4.25, 0, 5.25, 1], "texture": "#1"},
				"west": {"uv": [4.25, 0, 5.25, 1], "texture": "#1"},
				"up": {"uv": [4.25, 0, 5.25, 1], "texture": "#1"},
				"down": {"uv": [4.25, 0, 5.25, 1], "texture": "#1"}
			}
		},
		{
			"from": [1.27193, 13.67484, 23.45575],
			"to": [14.28185, 14.57532, 24.35623],
			"rotation": {"angle": 0, "axis": "x", "origin": [8.64461, -5.4664, 12.66647]},
			"faces": {
				"north": {"uv": [4.25, 1.25, 5.25, 2.25], "texture": "#1"},
				"east": {"uv": [4.25, 1.25, 5.25, 2.25], "texture": "#1"},
				"south": {"uv": [4.25, 1.25, 5.25, 2.25], "texture": "#1"},
				"west": {"uv": [4.25, 1.25, 5.25, 2.25], "texture": "#1"},
				"up": {"uv": [4.25, 1.25, 5.25, 2.25], "texture": "#1"},
				"down": {"uv": [4.25, 1.25, 5.25, 2.25], "texture": "#1"}
			}
		},
		{
			"from": [1.27193, 13.7874, 21.65479],
			"to": [14.28185, 14.46276, 22.33015],
			"rotation": {"angle": 0, "axis": "y", "origin": [8.64461, -5.4664, 12.66647]},
			"faces": {
				"north": {"uv": [4.25, 0, 5.25, 1], "texture": "#1"},
				"east": {"uv": [4.25, 0, 5.25, 1], "texture": "#1"},
				"south": {"uv": [4.25, 0, 5.25, 1], "texture": "#1"},
				"west": {"uv": [4.25, 0, 5.25, 1], "texture": "#1"},
				"up": {"uv": [4.25, 0, 5.25, 1], "texture": "#1"},
				"down": {"uv": [4.25, 0, 5.25, 1], "texture": "#1"}
			}
		},
		{
			"from": [0.43898, 13.69389, 10.31789],
			"to": [15.1489, 14.16925, 10.79325],
			"rotation": {"angle": 22.5, "axis": "x", "origin": [8.71166, -8.45991, 11.42957]},
			"faces": {
				"north": {"uv": [4.25, 0, 5.25, 1], "texture": "#1"},
				"east": {"uv": [4.25, 0, 5.25, 1], "texture": "#1"},
				"south": {"uv": [4.25, 0, 5.25, 1], "texture": "#1"},
				"west": {"uv": [4.25, 0, 5.25, 1], "texture": "#1"},
				"up": {"uv": [4.25, 0, 5.25, 1], "texture": "#1"},
				"down": {"uv": [4.25, 0, 5.25, 1], "texture": "#1"}
			}
		},
		{
			"from": [0.43898, 3.42091, -2.41186],
			"to": [15.1373, 3.92139, 15.6475],
			"rotation": {"angle": 0, "axis": "y", "origin": [7.92422, -2.76609, -1.25315]},
			"faces": {
				"north": {"uv": [4.25, 0, 5.25, 1], "texture": "#1"},
				"east": {"uv": [4.25, 0, 5.25, 1], "texture": "#1"},
				"south": {"uv": [4.25, 0, 5.25, 1], "texture": "#1"},
				"west": {"uv": [4.25, 0, 5.25, 1], "texture": "#1"},
				"up": {"uv": [5.3125, 0, 8.6875, 1], "texture": "#1"},
				"down": {"uv": [5.3125, 0, 8.6875, 1], "texture": "#1"}
			}
		},
		{
			"from": [0.5269, 8.40011, -2.51186],
			"to": [15.24938, 8.67547, -2.01138],
			"rotation": {"angle": 0, "axis": "x", "origin": [7.92422, 19.82156, -8.59886]},
			"faces": {
				"north": {"uv": [4.25, 0, 5.25, 1], "rotation": 180, "texture": "#1"},
				"east": {"uv": [4.25, 0, 5.25, 1], "rotation": 270, "texture": "#1"},
				"south": {"uv": [4.25, 0, 13.35, 1.3], "texture": "#1"},
				"west": {"uv": [4.25, 0, 5.25, 1], "rotation": 90, "texture": "#1"},
				"up": {"uv": [4.25, 0, 5.25, 1], "rotation": 180, "texture": "#1"},
				"down": {"uv": [4.25, 0, 5.25, 1], "texture": "#1"}
			}
		},
		{
			"from": [0.33898, 8.40011, -2.51186],
			"to": [0.83946, 8.67547, 17.76198],
			"rotation": {"angle": 0, "axis": "x", "origin": [7.52646, 12.05492, -25.81406]},
			"faces": {
				"north": {"uv": [4.25, 0, 5.55, 1], "rotation": 90, "texture": "#1"},
				"east": {"uv": [4.25, 0, 5.25, 1], "rotation": 180, "texture": "#1"},
				"south": {"uv": [4.25, 0, 5.55, 1], "rotation": 270, "texture": "#1"},
				"west": {"uv": [4.25, 0, 5.25, 1], "texture": "#1"},
				"up": {"uv": [4.25, 0, 5.25, 1], "rotation": 270, "texture": "#1"},
				"down": {"uv": [4.25, 0, 5.25, 1], "rotation": 270, "texture": "#1"}
			}
		},
		{
			"from": [14.58138, 8.40011, -2.51186],
			"to": [15.08186, 8.67547, 17.76198],
			"rotation": {"angle": 0, "axis": "x", "origin": [5.51046, 12.05492, 5.18594]},
			"faces": {
				"north": {"uv": [4.25, 0, 5.55, 1], "rotation": 90, "texture": "#1"},
				"east": {"uv": [4.25, 0, 5.25, 1], "rotation": 180, "texture": "#1"},
				"south": {"uv": [4.25, 0, 5.55, 1], "rotation": 270, "texture": "#1"},
				"west": {"uv": [4.25, 0, 5.25, 1], "texture": "#1"},
				"up": {"uv": [4.25, 0, 5.25, 1], "rotation": 270, "texture": "#1"},
				"down": {"uv": [4.25, 0, 5.25, 1], "rotation": 270, "texture": "#1"}
			}
		},
		{
			"from": [0.5269, 12.10011, -2.51186],
			"to": [15.24938, 12.37547, -2.01138],
			"rotation": {"angle": 0, "axis": "y", "origin": [7.92422, 19.82156, -8.59886]},
			"faces": {
				"north": {"uv": [4.25, 1.25, 5.25, 2.25], "rotation": 180, "texture": "#1"},
				"east": {"uv": [4.25, 1.25, 5.25, 2.25], "rotation": 270, "texture": "#1"},
				"south": {"uv": [4.25, 1.25, 5.25, 2.25], "texture": "#1"},
				"west": {"uv": [4.25, 1.25, 5.25, 2.25], "rotation": 90, "texture": "#1"},
				"up": {"uv": [4.25, 1.25, 5.25, 2.25], "rotation": 180, "texture": "#1"},
				"down": {"uv": [4.25, 1.25, 5.25, 2.25], "texture": "#1"}
			}
		},
		{
			"from": [14.58138, 12.10011, -2.51186],
			"to": [15.08186, 12.37547, 19.46198],
			"rotation": {"angle": 0, "axis": "y", "origin": [5.51046, 12.05492, 5.18594]},
			"faces": {
				"north": {"uv": [4.25, 1.25, 5.25, 2.25], "rotation": 90, "texture": "#1"},
				"east": {"uv": [4.25, 1.25, 5.25, 2.25], "rotation": 180, "texture": "#1"},
				"south": {"uv": [4.25, 1.25, 5.25, 2.25], "rotation": 270, "texture": "#1"},
				"west": {"uv": [4.25, 1.25, 5.25, 2.25], "texture": "#1"},
				"up": {"uv": [4.25, 1.25, 5.25, 2.25], "rotation": 270, "texture": "#1"},
				"down": {"uv": [4.25, 1.25, 5.25, 2.25], "rotation": 270, "texture": "#1"}
			}
		},
		{
			"from": [0.33898, 12.10011, -2.51186],
			"to": [0.83946, 12.37547, 19.46198],
			"rotation": {"angle": 0, "axis": "y", "origin": [7.52646, 12.05492, -25.81406]},
			"faces": {
				"north": {"uv": [4.25, 1.25, 5.25, 2.25], "rotation": 90, "texture": "#1"},
				"east": {"uv": [4.25, 1.25, 5.25, 2.25], "rotation": 180, "texture": "#1"},
				"south": {"uv": [4.25, 1.25, 5.25, 2.25], "rotation": 270, "texture": "#1"},
				"west": {"uv": [4.25, 1.25, 5.25, 2.25], "texture": "#1"},
				"up": {"uv": [4.25, 1.25, 5.25, 2.25], "rotation": 270, "texture": "#1"},
				"down": {"uv": [4.25, 1.25, 5.25, 2.25], "rotation": 270, "texture": "#1"}
			}
		},
		{
			"from": [0.43898, 3.72091, -2.41186],
			"to": [0.73946, 12.27547, 19.50118],
			"rotation": {"angle": 0, "axis": "y", "origin": [7.52646, 12.05492, 5.18594]},
			"faces": {
				"north": {"uv": [4.25, 0, 5.25, 1], "rotation": 90, "texture": "#1"},
				"east": {"uv": [5.3125, 1, 9.3125, 0], "rotation": 180, "texture": "#1"},
				"south": {"uv": [4.3125, 1, 4.375, 1.0625], "rotation": 270, "texture": "#1"},
				"west": {"uv": [5.3125, 0, 9.25, 1], "texture": "#1"},
				"up": {"uv": [4.25, 0, 5.25, 1], "rotation": 270, "texture": "#1"},
				"down": {"uv": [4.25, 0, 5.25, 1], "rotation": 270, "texture": "#1"}
			}
		},
		{
			"from": [14.78138, 3.72091, -2.41186],
			"to": [15.08186, 12.27547, 19.50118],
			"rotation": {"angle": 0, "axis": "y", "origin": [5.51046, 12.05492, 5.18594]},
			"faces": {
				"north": {"uv": [4.25, 0, 5.25, 1], "rotation": 90, "texture": "#1"},
				"east": {"uv": [5.3125, 1, 9.3125, 0], "rotation": 180, "texture": "#1"},
				"south": {"uv": [4.3125, 1, 4.375, 1.0625], "rotation": 270, "texture": "#1"},
				"west": {"uv": [5.3125, 0, 9.3125, 1], "texture": "#1"},
				"up": {"uv": [4.25, 0, 5.25, 1], "rotation": 270, "texture": "#1"},
				"down": {"uv": [4.25, 0, 5.25, 1], "rotation": 270, "texture": "#1"}
			}
		},
		{
			"from": [14.88138, 5.92091, 6.18814],
			"to": [15.28186, 12.47547, 12.10118],
			"rotation": {"angle": 0, "axis": "y", "origin": [5.51046, 12.05492, 5.18594]},
			"faces": {
				"north": {"uv": [7.57813, 6.79688, 7.78125, 6.98438], "rotation": 90, "texture": "#1"},
				"east": {"uv": [4.20313, 6.6875, 7.89063, 10.1875], "texture": "#1"},
				"south": {"uv": [7.46875, 6.96875, 7.53125, 7.03125], "rotation": 270, "texture": "#1"},
				"west": {"uv": [7.90625, 6.6875, 4.20313, 10.17188], "texture": "#1"},
				"up": {"uv": [7.375, 7.5, 7.82813, 8.01563], "rotation": 270, "texture": "#1"},
				"down": {"uv": [7.20313, 7.21875, 7.51563, 7.625], "rotation": 270, "texture": "#1"}
			}
		},
		{
			"from": [0.28138, 5.92091, 6.18814],
			"to": [0.68186, 12.47547, 12.10118],
			"rotation": {"angle": 0, "axis": "y", "origin": [5.51046, 12.05492, 5.18594]},
			"faces": {
				"north": {"uv": [7.57813, 6.79688, 7.78125, 6.98438], "rotation": 90, "texture": "#1"},
				"east": {"uv": [7.92188, 6.6875, 4.20313, 10.17188], "texture": "#1"},
				"south": {"uv": [7.46875, 6.96875, 7.53125, 7.03125], "rotation": 270, "texture": "#1"},
				"west": {"uv": [4.20313, 6.6875, 7.89063, 10.17188], "texture": "#1"},
				"up": {"uv": [7.375, 7.5, 7.82813, 8.01563], "rotation": 270, "texture": "#1"},
				"down": {"uv": [7.20313, 7.21875, 7.51563, 7.625], "rotation": 270, "texture": "#1"}
			}
		},
		{
			"from": [0.78138, 3.72091, -2.41186],
			"to": [15.08186, 12.07547, -1.99882],
			"rotation": {"angle": 0, "axis": "y", "origin": [5.51046, 12.05492, 5.18594]},
			"faces": {
				"north": {"uv": [6.3125, 1.0625, 7.3125, 5.0625], "rotation": 90, "texture": "#1"},
				"east": {"uv": [4.25, 0, 5.25, 1], "rotation": 180, "texture": "#1"},
				"south": {"uv": [6.3125, 1.0625, 7.3125, 5.0625], "rotation": 270, "texture": "#1"},
				"west": {"uv": [4.25, 0, 5.25, 1], "texture": "#1"},
				"up": {"uv": [4.25, 0, 5.25, 1], "rotation": 270, "texture": "#1"},
				"down": {"uv": [4.25, 0, 5.25, 1], "rotation": 270, "texture": "#1"}
			}
		},
		{
			"from": [0.43898, 11.08752, 23.19707],
			"to": [15.1373, 21.31744, 23.79755],
			"rotation": {"angle": 22.5, "axis": "x", "origin": [7.92422, 27.48817, -0.09905]},
			"faces": {
				"north": {"uv": [5.3125, 0, 8.6875, 1], "rotation": 180, "texture": "#1"},
				"east": {"uv": [4.25, 0, 5.25, 1], "rotation": 270, "texture": "#1"},
				"south": {"uv": [5.3125, 0, 8.6875, 1], "texture": "#1"},
				"west": {"uv": [4.25, 0, 5.25, 1], "rotation": 90, "texture": "#1"},
				"up": {"uv": [4.25, 0, 5.25, 1], "rotation": 180, "texture": "#1"},
				"down": {"uv": [4.25, 0, 5.25, 1], "texture": "#1"}
			}
		},
		{
			"from": [13.45211, 0.93884, 25.46252],
			"to": [12.96585, 6.17626, 24.97626],
			"rotation": {"angle": -45, "axis": "x", "origin": [-1.42944, -8.92817, 21.80544]},
			"faces": {
				"north": {"uv": [4.25, 0, 5.25, 1], "rotation": 180, "texture": "#1"},
				"east": {"uv": [4.25, 0, 5.25, 1], "rotation": 90, "texture": "#1"},
				"south": {"uv": [4.25, 0, 5.25, 1], "texture": "#1"},
				"west": {"uv": [4.25, 0, 5.25, 1], "rotation": 270, "texture": "#1"},
				"up": {"uv": [4.25, 0, 5.25, 1], "texture": "#1"},
				"down": {"uv": [4.25, 0, 5.25, 1], "rotation": 180, "texture": "#1"}
			}
		},
		{
			"from": [13.45211, 2.55971, 23.33513],
			"to": [12.96585, 7.79712, 22.84887],
			"rotation": {"angle": -45, "axis": "x", "origin": [-1.42944, -8.92817, 21.80544]},
			"faces": {
				"north": {"uv": [4.25, 0, 5.25, 1], "rotation": 180, "texture": "#1"},
				"east": {"uv": [4.25, 0, 5.25, 1], "rotation": 90, "texture": "#1"},
				"south": {"uv": [4.25, 0, 5.25, 1], "texture": "#1"},
				"west": {"uv": [4.25, 0, 5.25, 1], "rotation": 270, "texture": "#1"},
				"up": {"uv": [4.25, 0, 5.25, 1], "texture": "#1"},
				"down": {"uv": [4.25, 0, 5.25, 1], "rotation": 180, "texture": "#1"}
			}
		},
		{
			"from": [13.45211, 0.70644, 8.08493],
			"to": [12.76325, 0.01757, 17.3745],
			"rotation": {"angle": 0, "axis": "y", "origin": [-1.53075, -6.65836, -1.68078]},
			"faces": {
				"north": {"uv": [4.25, 0, 5.25, 1], "texture": "#1"},
				"east": {"uv": [4.25, 0, 5.25, 1], "texture": "#1"},
				"south": {"uv": [4.25, 0, 5.25, 1], "texture": "#1"},
				"west": {"uv": [4.25, 0, 5.25, 1], "texture": "#1"},
				"up": {"uv": [4.25, 0, 5.25, 1], "texture": "#1"},
				"down": {"uv": [4.25, 0, 5.25, 1], "texture": "#1"}
			}
		},
		{
			"from": [13.45211, -1.65896, 17.22063],
			"to": [12.96585, 0.33673, 16.73437],
			"rotation": {"angle": 0, "axis": "x", "origin": [-1.42944, -3.21904, 8.70097]},
			"faces": {
				"north": {"uv": [4.25, 0, 5.25, 1], "rotation": 180, "texture": "#1"},
				"east": {"uv": [4.25, 0, 5.25, 1], "rotation": 90, "texture": "#1"},
				"south": {"uv": [4.25, 0, 5.25, 9.5], "texture": "#1"},
				"west": {"uv": [4.25, 0, 5.25, 1], "rotation": 270, "texture": "#1"},
				"up": {"uv": [4.25, 0, 5.25, 1], "texture": "#1"},
				"down": {"uv": [4.25, 0, 5.25, 1], "rotation": 180, "texture": "#1"}
			}
		},
		{
			"from": [0.88134, 0.93884, 25.46252],
			"to": [0.39509, 6.17626, 24.97626],
			"rotation": {"angle": -45, "axis": "x", "origin": [0.38496, -8.92817, 21.80544]},
			"faces": {
				"north": {"uv": [4.25, 0, 5.25, 1], "rotation": 180, "texture": "#1"},
				"east": {"uv": [4.25, 0, 5.25, 1], "rotation": 90, "texture": "#1"},
				"south": {"uv": [4.25, 0, 5.25, 1], "texture": "#1"},
				"west": {"uv": [4.25, 0, 5.25, 1], "rotation": 270, "texture": "#1"},
				"up": {"uv": [4.25, 0, 5.25, 1], "texture": "#1"},
				"down": {"uv": [4.25, 0, 5.25, 1], "rotation": 180, "texture": "#1"}
			}
		},
		{
			"from": [0.88134, 2.55971, 23.33513],
			"to": [0.39509, 7.79712, 22.84887],
			"rotation": {"angle": -45, "axis": "x", "origin": [0.38496, -8.92817, 21.80544]},
			"faces": {
				"north": {"uv": [4.25, 0, 5.25, 1], "rotation": 180, "texture": "#1"},
				"east": {"uv": [4.25, 0, 5.25, 1], "rotation": 90, "texture": "#1"},
				"south": {"uv": [4.25, 0, 5.25, 1], "texture": "#1"},
				"west": {"uv": [4.25, 0, 5.25, 1], "rotation": 270, "texture": "#1"},
				"up": {"uv": [4.25, 0, 5.25, 1], "texture": "#1"},
				"down": {"uv": [4.25, 0, 5.25, 1], "rotation": 180, "texture": "#1"}
			}
		},
		{
			"from": [1.14474, 0.70644, 8.25714],
			"to": [0.45587, 0.01757, 17.54672],
			"rotation": {"angle": 0, "axis": "y", "origin": [0.28365, -6.65836, -1.68078]},
			"faces": {
				"north": {"uv": [4.25, 0, 5.25, 1], "texture": "#1"},
				"east": {"uv": [4.25, 0, 5.25, 1], "texture": "#1"},
				"south": {"uv": [4.25, 0, 5.25, 1], "texture": "#1"},
				"west": {"uv": [4.25, 0, 5.25, 1], "texture": "#1"},
				"up": {"uv": [4.25, 0, 5.25, 1], "texture": "#1"},
				"down": {"uv": [4.25, 0, 5.25, 1], "texture": "#1"}
			}
		},
		{
			"from": [0.94213, -0.12948, 8.15371],
			"to": [0.45587, -0.61574, 11.26375],
			"rotation": {"angle": -45, "axis": "x", "origin": [0.18235, -3.34081, 8.75141]},
			"faces": {
				"north": {"uv": [4.25, 0, 5.25, 1], "texture": "#1"},
				"east": {"uv": [4.25, 0, 5.25, 1], "texture": "#1"},
				"south": {"uv": [4.25, 0, 5.25, 1], "texture": "#1"},
				"west": {"uv": [4.25, 0, 5.25, 1], "texture": "#1"},
				"up": {"uv": [4.25, 0, 5.25, 1], "texture": "#1"},
				"down": {"uv": [4.25, 0, 5.25, 1], "texture": "#1"}
			}
		},
		{
			"from": [0.98265, -1.65896, 17.22063],
			"to": [0.49639, 0.33673, 16.73437],
			"rotation": {"angle": 0, "axis": "x", "origin": [0.38496, -3.21904, 8.70097]},
			"faces": {
				"north": {"uv": [4.25, 0, 5.25, 1], "rotation": 180, "texture": "#1"},
				"east": {"uv": [4.25, 0, 5.25, 1], "rotation": 90, "texture": "#1"},
				"south": {"uv": [4.25, 0, 5.25, 9.5], "texture": "#1"},
				"west": {"uv": [4.25, 0, 5.25, 1], "rotation": 270, "texture": "#1"},
				"up": {"uv": [4.25, 0, 5.25, 1], "texture": "#1"},
				"down": {"uv": [4.25, 0, 5.25, 1], "rotation": 180, "texture": "#1"}
			}
		},
		{
			"from": [13.45211, -0.0077, 7.82975],
			"to": [12.96585, -0.49396, 11.04109],
			"rotation": {"angle": -45, "axis": "x", "origin": [-1.42944, -3.21904, 8.70097]},
			"faces": {
				"north": {"uv": [4.25, 0, 5.25, 1], "texture": "#1"},
				"east": {"uv": [4.25, 0, 5.25, 1], "texture": "#1"},
				"south": {"uv": [4.25, 0, 5.25, 1], "texture": "#1"},
				"west": {"uv": [4.25, 0, 5.25, 1], "texture": "#1"},
				"up": {"uv": [4.25, 0, 5.25, 1], "texture": "#1"},
				"down": {"uv": [4.25, 0, 5.25, 1], "texture": "#1"}
			}
		},
		{
			"from": [13.2799, -1.54251, 0.08191],
			"to": [12.93546, -1.88695, 17.17189],
			"rotation": {"angle": 0, "axis": "y", "origin": [-1.53075, -6.65836, -1.68078]},
			"faces": {
				"north": {"uv": [4.25, 0, 5.25, 1], "texture": "#1"},
				"east": {"uv": [4.25, 0, 5.25, 1], "texture": "#1"},
				"south": {"uv": [4.25, 0, 5.25, 1], "texture": "#1"},
				"west": {"uv": [4.25, 0, 5.25, 1], "texture": "#1"},
				"up": {"uv": [4.25, 0, 5.25, 1], "texture": "#1"},
				"down": {"uv": [4.25, 0, 5.25, 1], "texture": "#1"}
			}
		},
		{
			"from": [0.97252, -1.54251, 0.08191],
			"to": [0.62808, -1.88695, 17.17189],
			"rotation": {"angle": 0, "axis": "y", "origin": [0.28365, -6.65836, -1.68078]},
			"faces": {
				"north": {"uv": [4.25, 0, 5.25, 1], "texture": "#1"},
				"east": {"uv": [4.25, 0, 5.25, 1], "texture": "#1"},
				"south": {"uv": [4.25, 0, 5.25, 1], "texture": "#1"},
				"west": {"uv": [4.25, 0, 5.25, 1], "texture": "#1"},
				"up": {"uv": [4.25, 0, 5.25, 1], "texture": "#1"},
				"down": {"uv": [4.25, 0, 5.25, 1], "texture": "#1"}
			}
		},
		{
			"from": [1.01304, -2.37445, 17.43625],
			"to": [12.41806, -1.56402, 18.24668],
			"rotation": {"angle": -22.5, "axis": "x", "origin": [7.74976, -4.45119, 17.81108]},
			"faces": {
				"north": {"uv": [4.25, 0, 13.35, 1], "texture": "#1"},
				"east": {"uv": [4.25, 0, 5.25, 1], "texture": "#1"},
				"south": {"uv": [4.25, 0, 13.35, 1], "texture": "#1"},
				"west": {"uv": [4.25, 0, 5.25, 1], "texture": "#1"},
				"up": {"uv": [4.25, 0, 5.25, 1], "texture": "#1"},
				"down": {"uv": [4.25, 0, 5.25, 1], "texture": "#1"}
			}
		},
		{
			"from": [1.01304, -2.22983, -0.75735],
			"to": [12.41806, -1.7194, 1.87655],
			"rotation": {"angle": 0, "axis": "x", "origin": [7.74976, -2.42511, 0.5894]},
			"faces": {
				"north": {"uv": [4.25, 0, 5.25, 1], "texture": "#1"},
				"east": {"uv": [4.25, 0, 5.25, 1], "texture": "#1"},
				"south": {"uv": [4.25, 0, 5.25, 1], "texture": "#1"},
				"west": {"uv": [4.25, 0, 5.25, 1], "texture": "#1"},
				"up": {"uv": [6.3125, 1.0625, 7.3125, 2.0625], "texture": "#1"},
				"down": {"uv": [6.3125, 1.0625, 7.3125, 2.0625], "texture": "#1"}
			}
		},
		{
			"from": [-0.1013, -4.6185, 17.09564],
			"to": [0.91174, -1.57938, 18.10868],
			"rotation": {"angle": -22.5, "axis": "x", "origin": [0.20261, -4.11198, 17.70347]},
			"faces": {
				"north": {"uv": [4.25, 0, 5.25, 1], "texture": "#1"},
				"east": {"uv": [4.25, 0, 5.25, 1], "texture": "#1"},
				"south": {"uv": [4.25, 0, 5.25, 1], "texture": "#1"},
				"west": {"uv": [4.25, 0, 5.25, 1], "texture": "#1"},
				"up": {"uv": [4.25, 0, 5.25, 1], "texture": "#1"},
				"down": {"uv": [4.25, 0, 5.25, 1], "texture": "#1"}
			}
		},
		{
			"from": [-0.1013, 1.96626, 1.39352],
			"to": [0.91174, 5.00538, 2.40656],
			"rotation": {"angle": -22.5, "axis": "x", "origin": [0.20261, -4.11198, 17.70347]},
			"faces": {
				"north": {"uv": [4.25, 0, 5.25, 1], "texture": "#1"},
				"east": {"uv": [4.25, 0, 5.25, 1], "texture": "#1"},
				"south": {"uv": [4.25, 0, 5.25, 1], "texture": "#1"},
				"west": {"uv": [4.25, 0, 5.25, 1], "texture": "#1"},
				"up": {"uv": [4.25, 0, 5.25, 1], "texture": "#1"},
				"down": {"uv": [4.25, 0, 5.25, 1], "texture": "#1"}
			}
		},
		{
			"from": [12.26686, -4.6185, 17.09564],
			"to": [13.2799, -1.57938, 18.10868],
			"rotation": {"angle": -22.5, "axis": "x", "origin": [-1.61179, -4.11198, 17.70347]},
			"faces": {
				"north": {"uv": [4.25, 0, 5.25, 1], "texture": "#1"},
				"east": {"uv": [4.25, 0, 5.25, 1], "texture": "#1"},
				"south": {"uv": [4.25, 0, 5.25, 1], "texture": "#1"},
				"west": {"uv": [4.25, 0, 5.25, 1], "texture": "#1"},
				"up": {"uv": [4.25, 0, 5.25, 1], "texture": "#1"},
				"down": {"uv": [4.25, 0, 5.25, 1], "texture": "#1"}
			}
		},
		{
			"from": [12.26686, 1.96626, 1.39352],
			"to": [13.2799, 5.00538, 2.40656],
			"rotation": {"angle": -22.5, "axis": "x", "origin": [-1.61179, -4.11198, 17.70347]},
			"faces": {
				"north": {"uv": [4.25, 0, 5.25, 1], "texture": "#1"},
				"east": {"uv": [4.25, 0, 5.25, 1], "texture": "#1"},
				"south": {"uv": [4.25, 0, 5.25, 1], "texture": "#1"},
				"west": {"uv": [4.25, 0, 5.25, 1], "texture": "#1"},
				"up": {"uv": [4.25, 0, 5.25, 1], "texture": "#1"},
				"down": {"uv": [4.25, 0, 5.25, 1], "texture": "#1"}
			}
		},
		{
			"name": "body1",
			"from": [4.28, 7.6, 12.16],
			"to": [10.68, 17.2, 15.36],
			"rotation": {"angle": 0, "axis": "y", "origin": [0, 1.6, 2.8]},
			"faces": {
				"north": {"uv": [1.25, 1.25, 1.75, 2], "texture": "#1"},
				"east": {"uv": [1, 1.25, 1.25, 2], "texture": "#1"},
				"south": {"uv": [2, 1.25, 2.5, 2], "texture": "#1"},
				"west": {"uv": [1.75, 1.25, 2, 2], "texture": "#1"},
				"up": {"uv": [1.75, 1.25, 1.25, 1], "texture": "#1"},
				"down": {"uv": [2.25, 1, 1.75, 1.25], "texture": "#1"}
			}
		},
		{
			"name": "body1",
			"from": [4.08, 7.4, 11.96],
			"to": [10.88, 17.4, 15.56],
			"rotation": {"angle": 0, "axis": "y", "origin": [0, 1.6, 2.8]},
			"faces": {
				"north": {"uv": [1.25, 2.25, 1.75, 3], "texture": "#1"},
				"east": {"uv": [1, 2.25, 1.25, 3], "texture": "#1"},
				"south": {"uv": [2, 2.25, 2.5, 3], "texture": "#1"},
				"west": {"uv": [1.75, 2.25, 2, 3], "texture": "#1"},
				"up": {"uv": [1.75, 2.25, 1.25, 2], "texture": "#1"},
				"down": {"uv": [2.25, 2, 1.75, 2.25], "texture": "#1"}
			}
		},
		{
			"name": "right_arm2",
			"from": [10.68, 9.09435, 6.1902],
			"to": [13.08, 12.29435, 15.7902],
			"rotation": {"angle": -22.5, "axis": "x", "origin": [4, 12, 2.8]},
			"faces": {
				"north": {"uv": [2.125, 4, 1.9375, 4.25], "rotation": 180, "texture": "#1"},
				"east": {"uv": [1.5, 4.25, 1.75, 5], "rotation": 270, "texture": "#1"},
				"south": {"uv": [1.9375, 4.25, 1.75, 4], "texture": "#1"},
				"west": {"uv": [1.9375, 4.25, 2.1875, 5], "rotation": 90, "texture": "#1"},
				"up": {"uv": [1.75, 4.25, 1.9375, 5], "rotation": 180, "texture": "#1"},
				"down": {"uv": [2.1875, 4.25, 2.375, 5], "texture": "#1"}
			}
		},
		{
			"name": "left_arm2",
			"from": [1.88, 9.09435, 6.1902],
			"to": [4.28, 12.29435, 15.7902],
			"rotation": {"angle": -22.5, "axis": "x", "origin": [4, 12, 2.8]},
			"faces": {
				"north": {"uv": [3, 4, 2.8125, 4.25], "rotation": 180, "texture": "#1"},
				"east": {"uv": [2.375, 4.25, 2.625, 5], "rotation": 270, "texture": "#1"},
				"south": {"uv": [2.8125, 4.25, 2.625, 4], "texture": "#1"},
				"west": {"uv": [2.8125, 4.25, 3.0625, 5], "rotation": 90, "texture": "#1"},
				"up": {"uv": [2.625, 4.25, 2.8125, 5], "rotation": 180, "texture": "#1"},
				"down": {"uv": [3.0625, 4.25, 3.25, 5], "texture": "#1"}
			}
		},
		{
			"name": "right_leg",
			"from": [7.33241, 4.298, 4.98549],
			"to": [10.75241, 7.718, 14.48549],
			"rotation": {"angle": -22.5, "axis": "y", "origin": [7.52, 6.08, 13.28]},
			"faces": {
				"north": {"uv": [0.75, 2, 0.5, 2.25], "rotation": 180, "texture": "#1"},
				"east": {"uv": [0, 2.25, 0.25, 3], "rotation": 270, "texture": "#1"},
				"south": {"uv": [0.5, 2.25, 0.25, 2], "texture": "#1"},
				"west": {"uv": [0.5, 2.25, 0.75, 3], "rotation": 90, "texture": "#1"},
				"up": {"uv": [0.25, 2.25, 0.5, 3], "rotation": 180, "texture": "#1"},
				"down": {"uv": [0.75, 2.25, 1, 3], "texture": "#1"}
			}
		},
		{
			"name": "right_leg",
			"from": [7.52241, 4.488, 5.17549],
			"to": [10.56241, 7.528, 14.29549],
			"rotation": {"angle": -22.5, "axis": "y", "origin": [7.52, 6.08, 13.28]},
			"faces": {
				"north": {"uv": [0.75, 1, 0.5, 1.25], "rotation": 180, "texture": "#1"},
				"east": {"uv": [0, 1.25, 0.25, 2], "rotation": 270, "texture": "#1"},
				"south": {"uv": [0.5, 1.25, 0.25, 1], "texture": "#1"},
				"west": {"uv": [0.5, 1.25, 0.75, 2], "rotation": 90, "texture": "#1"},
				"up": {"uv": [0.25, 1.25, 0.5, 2], "rotation": 180, "texture": "#1"},
				"down": {"uv": [0.75, 1.25, 1, 2], "texture": "#1"}
			}
		},
		{
			"name": "left_leg",
			"from": [3.82706, 4.298, 6.05394],
			"to": [7.24706, 7.718, 15.55394],
			"rotation": {"angle": 22.5, "axis": "y", "origin": [4.48, 6.08, 13.28]},
			"faces": {
				"north": {"uv": [0.75, 3, 0.5, 3.25], "rotation": 180, "texture": "#1"},
				"east": {"uv": [0, 3.25, 0.25, 4], "rotation": 270, "texture": "#1"},
				"south": {"uv": [0.5, 3.25, 0.25, 3], "texture": "#1"},
				"west": {"uv": [0.5, 3.25, 0.75, 4], "rotation": 90, "texture": "#1"},
				"up": {"uv": [0.25, 3.25, 0.5, 4], "rotation": 180, "texture": "#1"},
				"down": {"uv": [0.75, 3.25, 1, 4], "texture": "#1"}
			}
		},
		{
			"name": "left_leg",
			"from": [4.01706, 4.488, 6.24394],
			"to": [7.05706, 7.528, 15.36394],
			"rotation": {"angle": 22.5, "axis": "y", "origin": [4.48, 6.08, 13.28]},
			"faces": {
				"north": {"uv": [1.75, 3, 1.5, 3.25], "rotation": 180, "texture": "#1"},
				"east": {"uv": [1, 3.25, 1.25, 4], "rotation": 270, "texture": "#1"},
				"south": {"uv": [1.5, 3.25, 1.25, 3], "texture": "#1"},
				"west": {"uv": [1.5, 3.25, 1.75, 4], "rotation": 90, "texture": "#1"},
				"up": {"uv": [1.25, 3.25, 1.5, 4], "rotation": 180, "texture": "#1"},
				"down": {"uv": [1.75, 3.25, 2, 4], "texture": "#1"}
			}
		},
		{
			"name": "cocotail",
			"from": [7.08, 7.92967, 15.50173],
			"to": [7.88, 12.72967, 16.30173],
			"rotation": {"angle": 22.5, "axis": "x", "origin": [0, 9.6, 15.6]},
			"faces": {
				"north": {"uv": [1.3125, 4.0625, 1.375, 4.4375], "rotation": 180, "texture": "#1"},
				"east": {"uv": [1.125, 4.0625, 1.1875, 4.4375], "rotation": 180, "texture": "#1"},
				"south": {"uv": [1.1875, 4.0625, 1.25, 4.4375], "rotation": 180, "texture": "#1"},
				"west": {"uv": [1.25, 4.0625, 1.3125, 4.4375], "rotation": 180, "texture": "#1"},
				"up": {"uv": [1.3125, 4, 1.25, 4.0625], "texture": "#1"},
				"down": {"uv": [1.25, 4.0625, 1.1875, 4], "texture": "#1"}
			}
		},
		{
			"name": "demontail2",
			"from": [17.04304, 9.88965, 16.64599],
			"to": [17.84304, 16.28965, 17.44599],
			"rotation": {"angle": 45, "axis": "z", "origin": [10.04505, -0.97017, -6.27109]},
			"faces": {
				"north": {"uv": [1.1875, 4.0625, 1.25, 4.5625], "texture": "#1"},
				"east": {"uv": [1.125, 4.0625, 1.1875, 4.5625], "texture": "#1"},
				"south": {"uv": [1.3125, 4.0625, 1.375, 4.5625], "texture": "#1"},
				"west": {"uv": [1.25, 4.0625, 1.3125, 4.5625], "texture": "#1"},
				"up": {"uv": [1.25, 4.0625, 1.1875, 4], "texture": "#1"},
				"down": {"uv": [1.3125, 4, 1.25, 4.0625], "texture": "#1"}
			}
		},
		{
			"name": "head2",
			"from": [4.28, 17.2, 10.56],
			"to": [10.68, 23.6, 16.96],
			"rotation": {"angle": 0, "axis": "y", "origin": [0, 1.6, 2.8]},
			"faces": {
				"north": {"uv": [0.5, 0.5, 1, 1], "texture": "#1"},
				"east": {"uv": [0, 0.5, 0.5, 1], "texture": "#1"},
				"south": {"uv": [1.5, 0.5, 2, 1], "texture": "#1"},
				"west": {"uv": [1, 0.5, 1.5, 1], "texture": "#1"},
				"up": {"uv": [1, 0.5, 0.5, 0], "texture": "#1"},
				"down": {"uv": [1.5, 0, 1, 0.5], "texture": "#1"}
			}
		},
		{
			"name": "head2",
			"from": [3.88, 16.8, 10.16],
			"to": [11.08, 24, 17.36],
			"rotation": {"angle": 0, "axis": "y", "origin": [0, 1.6, 2.8]},
			"faces": {
				"north": {"uv": [2.5, 0.5, 3, 1], "texture": "#1"},
				"east": {"uv": [2, 0.5, 2.5, 1], "texture": "#1"},
				"south": {"uv": [3.5, 0.5, 4, 1], "texture": "#1"},
				"west": {"uv": [3, 0.5, 3.5, 1], "texture": "#1"},
				"up": {"uv": [3, 0.5, 2.5, 0], "texture": "#1"},
				"down": {"uv": [3.5, 0, 3, 0.5], "texture": "#1"}
			}
		},
		{
			"name": "head4",
			"from": [4.28, 17.2, 10.56],
			"to": [10.68, 23.6, 16.96],
			"rotation": {"angle": 0, "axis": "y", "origin": [0, 1.6, 2.8]},
			"faces": {
				"north": {"uv": [0.5, 0.5, 1, 1], "texture": "#1"},
				"east": {"uv": [0, 0.5, 0.5, 1], "texture": "#1"},
				"south": {"uv": [1.5, 0.5, 2, 1], "texture": "#1"},
				"west": {"uv": [1, 0.5, 1.5, 1], "texture": "#1"},
				"up": {"uv": [1, 0.5, 0.5, 0], "texture": "#1"},
				"down": {"uv": [1.5, 0, 1, 0.5], "texture": "#1"}
			}
		},
		{
			"name": "head4",
			"from": [3.88, 16.8, 10.16],
			"to": [11.08, 24, 17.36],
			"rotation": {"angle": 0, "axis": "y", "origin": [0, 1.6, 2.8]},
			"faces": {
				"north": {"uv": [2.5, 0.5, 3, 1], "texture": "#1"},
				"east": {"uv": [2, 0.5, 2.5, 1], "texture": "#1"},
				"south": {"uv": [3.5, 0.5, 4, 1], "texture": "#1"},
				"west": {"uv": [3, 0.5, 3.5, 1], "texture": "#1"},
				"up": {"uv": [3, 0.5, 2.5, 0], "texture": "#1"},
				"down": {"uv": [3.5, 0, 3, 0.5], "texture": "#1"}
			}
		},
		{
			"name": "left2",
			"from": [8.90807, 23.04, 14.08448],
			"to": [9.70807, 25.44, 14.88448],
			"rotation": {"angle": 0, "axis": "y", "origin": [0, 1.6, 2.8]},
			"faces": {
				"north": {"uv": [0.625, 7.75, 0.6875, 7.9375], "texture": "#1"},
				"east": {"uv": [0.5625, 7.75, 0.625, 7.9375], "texture": "#1"},
				"south": {"uv": [0.75, 7.75, 0.8125, 7.9375], "texture": "#1"},
				"west": {"uv": [0.6875, 7.75, 0.75, 7.9375], "texture": "#1"},
				"up": {"uv": [0.6875, 7.75, 0.625, 7.6875], "texture": "#1"},
				"down": {"uv": [0.75, 7.6875, 0.6875, 7.75], "texture": "#1"}
			}
		},
		{
			"name": "left2",
			"from": [8.10807, 21.44, 13.28448],
			"to": [10.50807, 25.44, 14.08448],
			"rotation": {"angle": 0, "axis": "y", "origin": [0, 1.6, 2.8]},
			"faces": {
				"north": {"uv": [0.5625, 7.6875, 0.75, 8], "texture": "#1"},
				"east": {"uv": [0.5, 7.6875, 0.5625, 8], "texture": "#1"},
				"south": {"uv": [0.8125, 7.6875, 1, 8], "texture": "#1"},
				"west": {"uv": [0.75, 7.6875, 0.8125, 8], "texture": "#1"},
				"up": {"uv": [0.75, 7.6875, 0.5625, 7.625], "texture": "#1"},
				"down": {"uv": [0.9375, 7.625, 0.75, 7.6875], "texture": "#1"}
			}
		},
		{
			"name": "left2",
			"from": [8.90807, 25.44, 13.28448],
			"to": [9.70807, 26.24, 14.08448],
			"rotation": {"angle": 0, "axis": "y", "origin": [0, 1.6, 2.8]},
			"faces": {
				"north": {"uv": [0.5625, 7.6875, 0.625, 7.75], "texture": "#1"},
				"east": {"uv": [0.5, 7.6875, 0.5625, 7.75], "texture": "#1"},
				"south": {"uv": [0.6875, 7.6875, 0.75, 7.75], "texture": "#1"},
				"west": {"uv": [0.625, 7.6875, 0.6875, 7.75], "texture": "#1"},
				"up": {"uv": [0.625, 7.6875, 0.5625, 7.625], "texture": "#1"},
				"down": {"uv": [0.6875, 7.625, 0.625, 7.6875], "texture": "#1"}
			}
		},
		{
			"name": "right2",
			"from": [5.25193, 23.04, 14.08448],
			"to": [6.05193, 25.44, 14.88448],
			"rotation": {"angle": 0, "axis": "y", "origin": [0, 1.6, 2.8]},
			"faces": {
				"north": {"uv": [0.625, 7.75, 0.6875, 7.9375], "texture": "#1"},
				"east": {"uv": [0.5625, 7.75, 0.625, 7.9375], "texture": "#1"},
				"south": {"uv": [0.75, 7.75, 0.8125, 7.9375], "texture": "#1"},
				"west": {"uv": [0.6875, 7.75, 0.75, 7.9375], "texture": "#1"},
				"up": {"uv": [0.6875, 7.75, 0.625, 7.6875], "texture": "#1"},
				"down": {"uv": [0.75, 7.6875, 0.6875, 7.75], "texture": "#1"}
			}
		},
		{
			"name": "right2",
			"from": [4.45193, 21.44, 13.28448],
			"to": [6.85193, 25.44, 14.08448],
			"rotation": {"angle": 0, "axis": "y", "origin": [0, 1.6, 2.8]},
			"faces": {
				"north": {"uv": [0.5625, 7.6875, 0.75, 8], "texture": "#1"},
				"east": {"uv": [0.5, 7.6875, 0.5625, 8], "texture": "#1"},
				"south": {"uv": [0.8125, 7.6875, 1, 8], "texture": "#1"},
				"west": {"uv": [0.75, 7.6875, 0.8125, 8], "texture": "#1"},
				"up": {"uv": [0.75, 7.6875, 0.5625, 7.625], "texture": "#1"},
				"down": {"uv": [0.9375, 7.625, 0.75, 7.6875], "texture": "#1"}
			}
		},
		{
			"name": "right2",
			"from": [5.25193, 25.44, 13.28448],
			"to": [6.05193, 26.24, 14.08448],
			"rotation": {"angle": 0, "axis": "y", "origin": [0, 1.6, 2.8]},
			"faces": {
				"north": {"uv": [0.5625, 7.6875, 0.625, 7.75], "texture": "#1"},
				"east": {"uv": [0.5, 7.6875, 0.5625, 7.75], "texture": "#1"},
				"south": {"uv": [0.6875, 7.6875, 0.75, 7.75], "texture": "#1"},
				"west": {"uv": [0.625, 7.6875, 0.6875, 7.75], "texture": "#1"},
				"up": {"uv": [0.625, 7.6875, 0.5625, 7.625], "texture": "#1"},
				"down": {"uv": [0.6875, 7.625, 0.625, 7.6875], "texture": "#1"}
			}
		},
		{
			"name": "big",
			"from": [4.3, 13.06, 10.74],
			"to": [10.66, 15.42, 13.1],
			"rotation": {"angle": 0, "axis": "y", "origin": [0, 1.6, 2.8]},
			"faces": {
				"north": {"uv": [0.25, 5.4375, 0.75, 5.625], "texture": "#1"},
				"east": {"uv": [0.0625, 5.4375, 0.25, 5.625], "texture": "#1"},
				"south": {"uv": [0.9375, 5.4375, 1.4375, 5.625], "texture": "#1"},
				"west": {"uv": [0.75, 5.4375, 0.9375, 5.625], "texture": "#1"},
				"up": {"uv": [0.75, 5.4375, 0.25, 5.25], "texture": "#1"},
				"down": {"uv": [1.25, 5.25, 0.75, 5.4375], "texture": "#1"}
			}
		},
		{
			"name": "bone5",
			"from": [4.304, 7.65552, 22.43573],
			"to": [10.64, 10.79152, 24.77173],
			"rotation": {"angle": 45, "axis": "x", "origin": [0, 25.6, 26]},
			"faces": {
				"north": {"uv": [0.25, 5.1875, 0.75, 5.4375], "texture": "#1"},
				"east": {"uv": [0.0625, 5.1875, 0.25, 5.4375], "texture": "#1"},
				"south": {"uv": [0.9375, 5.1875, 1.4375, 5.4375], "texture": "#1"},
				"west": {"uv": [0.75, 5.1875, 0.9375, 5.4375], "texture": "#1"},
				"up": {"uv": [0.75, 5.1875, 0.25, 5], "texture": "#1"},
				"down": {"uv": [1.25, 5, 0.75, 5.1875], "texture": "#1"}
			}
		},
		{
			"name": "bone6",
			"from": [4.328, -4.71243, 7.65147],
			"to": [10.656, -1.58443, 9.97947],
			"rotation": {"angle": -45, "axis": "x", "origin": [6.4, 9.6, -8.4]},
			"faces": {
				"north": {"uv": [0.25, 5.5625, 0.75, 5.8125], "texture": "#1"},
				"east": {"uv": [0.0625, 5.5625, 0.25, 5.8125], "texture": "#1"},
				"south": {"uv": [0.9375, 5.5625, 1.4375, 5.8125], "texture": "#1"},
				"west": {"uv": [0.75, 5.5625, 0.9375, 5.8125], "texture": "#1"},
				"up": {"uv": [0.75, 5.5625, 0.25, 5.375], "texture": "#1"},
				"down": {"uv": [1.25, 5.375, 0.75, 5.5625], "texture": "#1"}
			}
		},
		{
			"name": "board",
			"from": [4.304, 12.744, 11.464],
			"to": [10.656, 15.896, 13.016],
			"rotation": {"angle": 0, "axis": "y", "origin": [0, 1.6, 2.8]},
			"faces": {
				"north": {"uv": [5.4375, 5.6875, 5.9375, 5.9375], "texture": "#1"},
				"east": {"uv": [5.3125, 5.6875, 5.4375, 5.9375], "texture": "#1"},
				"south": {"uv": [6.0625, 5.6875, 6.5625, 5.9375], "texture": "#1"},
				"west": {"uv": [5.9375, 5.6875, 6.0625, 5.9375], "texture": "#1"},
				"up": {"uv": [5.9375, 5.6875, 5.4375, 5.5625], "texture": "#1"},
				"down": {"uv": [6.4375, 5.5625, 5.9375, 5.6875], "texture": "#1"}
			}
		}
	],
	"display": {
		"thirdperson_righthand": {
			"rotation": [68.75, 0, 0],
			"translation": [-6.25, 10, -7.75],
			"scale": [0.8, 0.8, 0.8]
		},
		"thirdperson_lefthand": {
			"rotation": [68.7, 0, 0],
			"translation": [-6, 10, -7.75],
			"scale": [0.8, 0.8, 0.8]
		},
		"firstperson_righthand": {
			"translation": [-8.5, -9, -18.5]
		},
		"firstperson_lefthand": {
			"translation": [-9.75, -8.5, -18]
		},
		"ground": {
			"translation": [0, 9, 0],
			"scale": [0.8, 0.8, 0.8]
		},
		"gui": {
			"rotation": [0, 142, 0],
			"translation": [-0.5, -1, 0],
			"scale": [0.5, 0.5, 0.5]
		},
		"head": {
			"translation": [0, -24.25, -27.5],
			"scale": [1.3, 1.3, 1.3]
		},
		"fixed": {
			"rotation": [0, -28, 0],
			"translation": [0, 1.25, -7.5],
			"scale": [0.6, 0.6, 0.6]
		}
	},
	"groups": [
		{
			"name": "group",
			"origin": [0, 8, 14],
			"color": 0,
			"children": [
				{
					"name": "wheel",
					"origin": [0, 5.10346, 0.38268],
					"color": 0,
					"children": [
						{
							"name": "1",
							"origin": [0, 5.10346, 0.38268],
							"color": 0,
							"children": [0, 1, 2, 3, 4, 5, 6, 7, 8, 9, 10, 11, 12, 13, 14, 15]
						},
						{
							"name": "1",
							"origin": [0, 5.10346, 0.38268],
							"color": 0,
							"children": [16, 17, 18, 19, 20, 21, 22, 23, 24, 25, 26, 27, 28, 29, 30, 31]
						},
						{
							"name": "1",
							"origin": [0, 5.10346, 0.38268],
							"color": 0,
							"children": [32, 33, 34, 35, 36, 37, 38, 39, 40, 41, 42, 43, 44, 45, 46, 47]
						},
						{
							"name": "1",
							"origin": [0, 5.10346, 0.38268],
							"color": 0,
							"children": [48, 49, 50, 51, 52, 53, 54, 55, 56, 57, 58, 59, 60, 61, 62, 63]
						}
					]
				},
				{
					"name": "car",
					"origin": [0, 0, 0],
					"color": 0,
					"children": [64, 65, 66, 67, 68, 69, 70, 71, 72, 73, 74, 75, 76, 77, 78, 79, 80, 81, 82, 83,
						{
							"name": "group",
							"origin": [-1.79088, -5.13592, 19.628],
							"color": 0,
							"children": [84, 85, 86, 87, 88, 89, 90, 91, 92, 93, 94, 95, 96, 97, 98, 99, 100, 101]
						}
					]
				}
			]
		},
		{
			"name": "player",
			"origin": [0, 8, 14],
			"rotation": [90, 0, 0],
			"color": 0,
			"children": [
				{
					"name": "body1",
					"origin": [0, 10, 15],
					"color": 0,
					"children": [102, 103,
						{
							"name": "right_arm",
							"origin": [5, 8, 15],
							"color": 0,
							"children": [
								{
									"name": "right_arm2",
									"origin": [-5, -3, 5],
									"color": 0,
									"children": [104]
								}
							]
						},
						{
							"name": "left_arm",
							"origin": [-5, 8, 15],
							"color": 0,
							"children": [
								{
									"name": "left_arm2",
									"origin": [5, -3, 5],
									"color": 0,
									"children": [105]
								}
							]
						},
						{
							"name": "right_leg",
							"origin": [2, -2, 15],
							"color": 0,
							"children": [106, 107]
						},
						{
							"name": "left_leg",
							"origin": [-2, -2, 15],
							"color": 0,
							"children": [108, 109]
						},
						{
							"name": "cocotail",
							"origin": [0, 1, 17],
							"rotation": [-30, 0, 0],
							"color": 0,
							"children": [110,
								{
									"name": "demontail2",
									"origin": [0, -6.07107, 17],
									"rotation": [-25, 0, 0],
									"color": 0,
									"children": [111]
								}
							]
						},
						{
							"name": "head2",
							"origin": [0, 10, 15],
							"color": 0,
							"children": [112, 113]
						},
						{
							"name": "head4",
							"origin": [0, 10, 15],
							"color": 0,
							"children": [114, 115,
								{
									"name": "ears2",
									"origin": [0, 1, 2],
									"color": 0,
									"children": [
										{
											"name": "left2",
											"origin": [-3, 18, 23],
											"rotation": [0, 40, 0],
											"color": 0,
											"children": [116, 117, 118]
										},
										{
											"name": "right2",
											"origin": [3, 18, 23],
											"rotation": [0, -40, 0],
											"color": 0,
											"children": [119, 120, 121]
										}
									]
								}
							]
						},
						{
							"name": "tit",
							"origin": [0, 0, 4],
							"color": 0,
							"children": [
								{
									"name": "big",
									"origin": [0, 22, 0],
									"color": 0,
									"children": [122,
										{
											"name": "bone5",
											"origin": [0, 23, 0],
											"rotation": [55, 0, 0],
											"color": 0,
											"children": [123]
										},
										{
											"name": "bone6",
											"origin": [0, 17, 0],
											"rotation": [-65, 0, 0],
											"color": 0,
											"children": [124]
										}
									]
								},
								{
									"name": "board",
									"origin": [0, 23, 0],
									"color": 0,
									"children": [125,
										{
											"name": "bone8",
											"origin": [0, 24, 0],
											"rotation": [55, 0, 0],
											"color": 0,
											"children": []
										},
										{
											"name": "bone9",
											"origin": [0, 18, 0],
											"rotation": [-65, 0, 0],
											"color": 0,
											"children": []
										}
									]
								}
							]
						}
					]
				}
			]
		}
	]
}