{
	"credit": "Made with Blockbench",
	"textures": {
		"1": "item/lamysake",
		"3": "item/holologo",
		"particle": "item/lamysakeparticle"   
	},
	"elements": [
		{
			"from": [5.25, 13, 5.25],
			"to": [10.75, 18, 10.75],
			"rotation": {"angle": 0, "axis": "y", "origin": [8, 12.875, 8.5]},
			"faces": {
				"north": {"uv": [1.75, 0.25, 3.25, 1.75], "texture": "#1"},
				"east": {"uv": [1.75, 0.25, 3.25, 1.75], "texture": "#1"},
				"south": {"uv": [1.75, 0.25, 3.25, 1.75], "texture": "#1"},
				"west": {"uv": [1.75, 0.25, 3.25, 1.75], "texture": "#1"},
				"up": {"uv": [3.25, 0.75, 1.75, 0.25], "rotation": 180, "texture": "#1"},
				"down": {"uv": [6.75, 0.5, 5.25, 0.75], "rotation": 180, "texture": "#1"}
			}
		},
		{
			"from": [7, 20.25, 7],
			"to": [9, 26.5, 9],
			"rotation": {"angle": 0, "axis": "y", "origin": [8, 12.875, 8.5]},
			"faces": {
				"north": {"uv": [3.75, 0, 4.25, 2], "texture": "#1"},
				"east": {"uv": [3.75, 2.25, 4.25, 4.25], "texture": "#1"},
				"south": {"uv": [3.75, 0, 4.25, 2], "texture": "#1"},
				"west": {"uv": [3.75, 2.25, 4.25, 4.25], "texture": "#1"},
				"up": {"uv": [6.25, 1.25, 5.25, 1], "rotation": 180, "texture": "#1"},
				"down": {"uv": [6.25, 1.5, 5.25, 1.75], "rotation": 180, "texture": "#1"}
			}
		},
		{
			"from": [5.25, 5, 5.25],
			"to": [10.75, 13, 10.75],
			"faces": {
				"north": {"uv": [0, 0, 16, 16], "texture": "#3"},
				"east": {"uv": [0, 0, 16, 16], "texture": "#3"},
				"south": {"uv": [0, 0, 16, 16], "texture": "#3"},
				"west": {"uv": [0, 0, 16, 16], "texture": "#3"},
				"up": {"uv": [4.77333, 9.01333, 2, 8], "texture": "#3"},
				"down": {"uv": [14, 8, 8, 9], "texture": "#3"}
			}
		},
		{
			"from": [5.25, 0, 5.25],
			"to": [10.75, 5, 10.75],
			"rotation": {"angle": 0, "axis": "y", "origin": [0, 0, -2]},
			"faces": {
				"north": {"uv": [1.75, 3.75, 3.25, 4.75], "texture": "#1"},
				"east": {"uv": [1.75, 3.75, 3.25, 4.75], "texture": "#1"},
				"south": {"uv": [1.75, 3.75, 3.25, 4.75], "texture": "#1"},
				"west": {"uv": [1.75, 3.75, 3.25, 4.75], "texture": "#1"},
				"up": {"uv": [0, 0, 1.5, 0.25], "texture": "#1"},
				"down": {"uv": [0, 0, 1.5, 0.25], "texture": "#1"}
			}
		},
		{
			"from": [5.6, 18, 5.65],
			"to": [10.35, 18.75, 10.4],
			"rotation": {"angle": 0, "axis": "y", "origin": [5.25, -1, 8]},
			"faces": {
				"north": {"uv": [2, 0, 3, 0.75], "texture": "#1"},
				"east": {"uv": [2, 0, 3, 0.75], "texture": "#1"},
				"south": {"uv": [1.75, 0.5, 3.25, 0.75], "texture": "#1"},
				"west": {"uv": [1.75, 0.25, 3.25, 0.75], "texture": "#1"},
				"up": {"uv": [1.75, 0.25, 3.25, 1.75], "texture": "#1"},
				"down": {"uv": [0, 0, 4.75, 4.75], "texture": "#1"}
			}
		},
		{
			"from": [6, 18.75, 6.05],
			"to": [10, 19.5, 10.05],
			"rotation": {"angle": 0, "axis": "y", "origin": [5.25, -1, 8]},
			"faces": {
				"north": {"uv": [2, 0, 3, 0.75], "texture": "#1"},
				"east": {"uv": [2, 0, 3, 0.75], "texture": "#1"},
				"south": {"uv": [1.75, 1, 3.25, 1.25], "texture": "#1"},
				"west": {"uv": [1.75, 1.25, 3.25, 1.75], "texture": "#1"},
				"up": {"uv": [1.75, 0.25, 3.25, 1.75], "texture": "#1"},
				"down": {"uv": [0, 0, 4, 4], "texture": "#1"}
			}
		},
		{
			"from": [6.5, 19.5, 6.55],
			"to": [9.5, 20.25, 9.55],
			"rotation": {"angle": 0, "axis": "y", "origin": [5.25, -1, 8]},
			"faces": {
				"north": {"uv": [1.75, 0.25, 2.5, 1], "texture": "#1"},
				"east": {"uv": [1.75, 0.25, 2.5, 1], "texture": "#1"},
				"south": {"uv": [1.75, 1.25, 3.25, 1.75], "texture": "#1"},
				"west": {"uv": [1.75, 1.25, 3.25, 1.75], "texture": "#1"},
				"up": {"uv": [1.75, 0.25, 3.25, 1.75], "texture": "#1"},
				"down": {"uv": [0, 0, 3, 3], "texture": "#1"}
			}
		}
	],
	"display": {
		"thirdperson_righthand": {
			"rotation": [0, -90, 0],
			"translation": [0.05, -1.5, -0.25],
			"scale": [0.43, 0.43, 0.43]
		},
		"thirdperson_lefthand": {
			"translation": [0, -1.5, -0.25],
			"scale": [0.4, 0.4, 0.4]
		},
		"firstperson_righthand": {
			"rotation": [-9, 96, 0],
			"translation": [2.75, -0.75, 0],
			"scale": [0.5, 0.5, 0.5]
		},
		"firstperson_lefthand": {
			"rotation": [-9, 96, 0],
			"translation": [2.75, -0.75, 0],
			"scale": [0.5, 0.5, 0.5]
		},
		"ground": {
			"translation": [0.25, 3.75, 0],
			"scale": [0.5, 0.5, 0.5]
		},
		"gui": {
			"translation": [0.25, -3, 0],
			"scale": [0.56, 0.55, 1]
		},
		"head": {
			"translation": [0, 12.25, 0],
			"scale": [0.64, 0.64, 0.64]
		},
		"fixed": {
			"translation": [0, -3.5, 0],
			"scale": [0.69, 0.68, 0.5]
		}
	}
}