{
	"credit": "Made with Blockbench",
	"parent": "block/crops/pbc/parent",
	"elements": [
		{
			"name": "green2",
			"from": [9, -0.2, 4],
			"to": [10, 0.8, 5],
			"faces": {
				"north": {"uv": [12, 14, 13, 16], "texture": "#green"},
				"east": {"uv": [7, 14, 8, 16], "texture": "#green"},
				"south": {"uv": [3, 14, 4, 16], "texture": "#green"},
				"west": {"uv": [8, 14, 9, 16], "texture": "#green"},
				"up": {"uv": [3, 8, 4, 9], "texture": "#green"},
				"down": {"uv": [3, 7, 4, 8], "texture": "#green"}
			}
		},
		{
			"name": "green",
			"from": [10, -0.2, 3],
			"to": [11, 0.8, 4],
			"faces": {
				"north": {"uv": [13, 15, 14, 16], "texture": "#green"},
				"east": {"uv": [8, 15, 9, 16], "texture": "#green"},
				"south": {"uv": [2, 15, 3, 16], "texture": "#green"},
				"west": {"uv": [7, 15, 8, 16], "texture": "#green"},
				"up": {"uv": [2, 7, 3, 8], "texture": "#green"},
				"down": {"uv": [2, 8, 3, 9], "texture": "#green"}
			}
		},
		{
			"name": "green",
			"from": [8, -0.2, 13],
			"to": [9, 0.8, 14],
			"faces": {
				"north": {"uv": [13, 15, 14, 16], "texture": "#green"},
				"east": {"uv": [8, 15, 9, 16], "texture": "#green"},
				"south": {"uv": [2, 15, 3, 16], "texture": "#green"},
				"west": {"uv": [7, 15, 8, 16], "texture": "#green"},
				"up": {"uv": [2, 7, 3, 8], "texture": "#green"},
				"down": {"uv": [2, 8, 3, 9], "texture": "#green"}
			}
		},
		{
			"name": "green3",
			"from": [6, -0.2, 13],
			"to": [7, 0.8, 14],
			"faces": {
				"north": {"uv": [9, 15, 10, 16], "texture": "#green"},
				"east": {"uv": [2, 15, 3, 16], "texture": "#green"},
				"south": {"uv": [6, 15, 7, 16], "texture": "#green"},
				"west": {"uv": [13, 15, 14, 16], "texture": "#green"},
				"up": {"uv": [6, 13, 7, 14], "texture": "#green"},
				"down": {"uv": [6, 2, 7, 3], "texture": "#green"}
			}
		},
		{
			"name": "green4",
			"from": [7, -0.2, 12],
			"to": [8, 0.8, 13],
			"faces": {
				"north": {"uv": [8, 13, 9, 16], "texture": "#green"},
				"east": {"uv": [3, 13, 4, 16], "texture": "#green"},
				"south": {"uv": [7, 13, 8, 16], "texture": "#green"},
				"west": {"uv": [12, 13, 13, 16], "texture": "#green"},
				"up": {"uv": [7, 12, 8, 13], "texture": "#green"},
				"down": {"uv": [7, 3, 8, 4], "texture": "#green"}
			}
		},
		{
			"name": "green4",
			"from": [7, -0.2, 14],
			"to": [8, 0.8, 15],
			"faces": {
				"north": {"uv": [8, 13, 9, 16], "texture": "#green"},
				"east": {"uv": [3, 13, 4, 16], "texture": "#green"},
				"south": {"uv": [7, 13, 8, 16], "texture": "#green"},
				"west": {"uv": [12, 13, 13, 16], "texture": "#green"},
				"up": {"uv": [7, 12, 8, 13], "texture": "#green"},
				"down": {"uv": [7, 3, 8, 4], "texture": "#green"}
			}
		},
		{
			"name": "green5",
			"from": [8, -0.2, 3],
			"to": [9, 0.8, 4],
			"faces": {
				"north": {"uv": [7, 15, 8, 16], "texture": "#green"},
				"east": {"uv": [12, 15, 13, 16], "texture": "#green"},
				"south": {"uv": [8, 15, 9, 16], "texture": "#green"},
				"west": {"uv": [3, 15, 4, 16], "texture": "#green"},
				"up": {"uv": [8, 3, 9, 4], "texture": "#green"},
				"down": {"uv": [8, 12, 9, 13], "texture": "#green"}
			}
		},
		{
			"name": "green6",
			"from": [9, -0.2, 2],
			"to": [10, 0.8, 3],
			"faces": {
				"north": {"uv": [6, 14, 7, 16], "texture": "#green"},
				"east": {"uv": [13, 14, 14, 16], "texture": "#green"},
				"south": {"uv": [9, 14, 10, 16], "texture": "#green"},
				"west": {"uv": [2, 14, 3, 16], "texture": "#green"},
				"up": {"uv": [9, 2, 10, 3], "texture": "#green"},
				"down": {"uv": [9, 13, 10, 14], "texture": "#green"}
			}
		}
	]
}