{
	"credit": "Made with Blockbench",
	"parent": "block/crops/pbc/parent",
	"textures": {
		"1": "creatorlabs/food/carrot/normal/carrot",
		"2": "creatorlabs/food/carrot/normal/green",
		"particle": "creatorlabs/food/carrot/normal/carrot"
	},
	"elements": [
		{
			"name": "head",
			"from": [9.22611, 0.77282, 1.63696],
			"to": [10.62611, 2.17282, 3.03696],
			"rotation": {"angle": 0, "axis": "y", "origin": [-0.25, -7.35, -0.65]},
			"faces": {
				"north": {"uv": [4, 1, 5, 2], "texture": "#2"},
				"east": {"uv": [4, 1, 5, 2], "texture": "#2"},
				"south": {"uv": [4, 1, 5, 2], "texture": "#2"},
				"west": {"uv": [4, 1, 5, 2], "texture": "#2"},
				"up": {"uv": [4, 1, 5, 2], "texture": "#2"},
				"down": {"uv": [4, 1, 5, 2], "texture": "#2"}
			}
		},
		{
			"name": "head",
			"from": [7.42611, 1.52282, 1.93696],
			"to": [9.02611, 3.12282, 3.53696],
			"rotation": {"angle": 0, "axis": "y", "origin": [-0.25, -7.35, -0.65]},
			"faces": {
				"north": {"uv": [4, 1, 5, 2], "texture": "#2"},
				"east": {"uv": [4, 1, 5, 2], "texture": "#2"},
				"south": {"uv": [4, 1, 5, 2], "texture": "#2"},
				"west": {"uv": [4, 1, 5, 2], "texture": "#2"},
				"up": {"uv": [4, 1, 5, 2], "texture": "#2"},
				"down": {"uv": [4, 1, 5, 2], "texture": "#2"}
			}
		},
		{
			"name": "head",
			"from": [10.87389, 1.52282, 1.93696],
			"to": [12.47389, 3.12282, 3.53696],
			"shade": false,
			"rotation": {"angle": 0, "axis": "y", "origin": [0.25, -7.35, -0.65]},
			"faces": {
				"north": {"uv": [4, 1, 3, 2], "texture": "#2"},
				"east": {"uv": [4, 1, 5, 2], "texture": "#2"},
				"south": {"uv": [4, 1, 5, 2], "texture": "#2"},
				"west": {"uv": [4, 1, 5, 2], "texture": "#2"},
				"up": {"uv": [4, 1, 5, 2], "texture": "#2"},
				"down": {"uv": [4, 1, 5, 2], "texture": "#2"}
			}
		},
		{
			"name": "head",
			"from": [10.83389, 1.53282, 2.94696],
			"to": [12.41389, 3.11282, 4.52696],
			"shade": false,
			"rotation": {"angle": 0, "axis": "y", "origin": [0.25, -7.35, -0.65]},
			"faces": {
				"north": {"uv": [4, 1, 3, 2], "texture": "#2"},
				"east": {"uv": [4, 1, 5, 2], "texture": "#2"},
				"south": {"uv": [4, 1, 5, 2], "texture": "#2"},
				"west": {"uv": [4, 1, 5, 2], "texture": "#2"},
				"up": {"uv": [4, 1, 5, 2], "texture": "#2"},
				"down": {"uv": [4, 1, 5, 2], "texture": "#2"}
			}
		},
		{
			"name": "head",
			"from": [7.43389, 1.53282, 2.94696],
			"to": [9.01389, 3.11282, 4.52696],
			"shade": false,
			"rotation": {"angle": 0, "axis": "y", "origin": [0.25, -7.35, -0.65]},
			"faces": {
				"north": {"uv": [4, 1, 3, 2], "texture": "#2"},
				"east": {"uv": [4, 1, 5, 2], "texture": "#2"},
				"south": {"uv": [4, 1, 5, 2], "texture": "#2"},
				"west": {"uv": [4, 1, 5, 2], "texture": "#2"},
				"up": {"uv": [4, 1, 5, 2], "texture": "#2"},
				"down": {"uv": [4, 1, 5, 2], "texture": "#2"}
			}
		},
		{
			"name": "head",
			"from": [8.07611, 0.77282, 2.03696],
			"to": [9.47611, 2.17282, 5.43696],
			"rotation": {"angle": 0, "axis": "y", "origin": [-0.25, -7.35, -0.65]},
			"faces": {
				"north": {"uv": [4, 1, 5, 2], "texture": "#2"},
				"east": {"uv": [4, 1, 5, 2], "texture": "#2"},
				"south": {"uv": [4, 1, 5, 2], "texture": "#2"},
				"west": {"uv": [4, 1, 5, 2], "texture": "#2"},
				"up": {"uv": [4, 1, 5, 2], "texture": "#2"},
				"down": {"uv": [4, 1, 5, 2], "texture": "#2"}
			}
		},
		{
			"name": "head",
			"from": [7.42611, 1.52282, 3.93696],
			"to": [9.02611, 3.12282, 5.53696],
			"rotation": {"angle": 0, "axis": "y", "origin": [-0.25, -7.35, -0.65]},
			"faces": {
				"north": {"uv": [4, 1, 5, 2], "texture": "#2"},
				"east": {"uv": [4, 1, 5, 2], "texture": "#2"},
				"south": {"uv": [4, 1, 5, 2], "texture": "#2"},
				"west": {"uv": [4, 1, 5, 2], "texture": "#2"},
				"up": {"uv": [4, 1, 5, 2], "texture": "#2"},
				"down": {"uv": [4, 1, 5, 2], "texture": "#2"}
			}
		},
		{
			"name": "head",
			"from": [10.87389, 1.52282, 3.93696],
			"to": [12.47389, 3.12282, 5.53696],
			"shade": false,
			"rotation": {"angle": 0, "axis": "y", "origin": [0.25, -7.35, -0.65]},
			"faces": {
				"north": {"uv": [4, 1, 3, 2], "texture": "#2"},
				"east": {"uv": [4, 1, 5, 2], "texture": "#2"},
				"south": {"uv": [4, 1, 5, 2], "texture": "#2"},
				"west": {"uv": [4, 1, 5, 2], "texture": "#2"},
				"up": {"uv": [4, 1, 5, 2], "texture": "#2"},
				"down": {"uv": [4, 1, 5, 2], "texture": "#2"}
			}
		},
		{
			"name": "head",
			"from": [10.42389, 0.77282, 2.03696],
			"to": [11.82389, 2.17282, 5.43696],
			"shade": false,
			"rotation": {"angle": 0, "axis": "y", "origin": [0.25, -7.35, -0.65]},
			"faces": {
				"north": {"uv": [4, 1, 3, 2], "texture": "#2"},
				"east": {"uv": [4, 1, 5, 2], "texture": "#2"},
				"south": {"uv": [4, 1, 5, 2], "texture": "#2"},
				"west": {"uv": [4, 1, 5, 2], "texture": "#2"},
				"up": {"uv": [4, 1, 5, 2], "texture": "#2"},
				"down": {"uv": [4, 1, 5, 2], "texture": "#2"}
			}
		},
		{
			"name": "head",
			"from": [8.92611, 1.47282, 4.28696],
			"to": [10.92611, 3.47282, 6.28696],
			"rotation": {"angle": 0, "axis": "y", "origin": [-0.25, -7.35, -0.65]},
			"faces": {
				"north": {"uv": [4, 1, 5, 2], "texture": "#2"},
				"east": {"uv": [4, 1, 5, 2], "texture": "#2"},
				"south": {"uv": [4, 1, 5, 2], "texture": "#2"},
				"west": {"uv": [4, 1, 5, 2], "texture": "#2"},
				"up": {"uv": [4, 1, 5, 2], "texture": "#2"},
				"down": {"uv": [4, 1, 5, 2], "texture": "#2"}
			}
		},
		{
			"name": "head",
			"from": [9.22611, 0.87282, 3.08696],
			"to": [10.62611, 2.27282, 4.48696],
			"rotation": {"angle": 0, "axis": "y", "origin": [-0.25, -7.35, -0.65]},
			"faces": {
				"north": {"uv": [4, 1, 5, 2], "texture": "#2"},
				"east": {"uv": [4, 1, 5, 2], "texture": "#2"},
				"south": {"uv": [4, 1, 5, 2], "texture": "#2"},
				"west": {"uv": [4, 1, 5, 2], "texture": "#2"},
				"up": {"uv": [4, 1, 5, 2], "texture": "#2"},
				"down": {"uv": [4, 1, 5, 2], "texture": "#2"}
			}
		},
		{
			"name": "head",
			"from": [9.22611, 0.77282, 4.53696],
			"to": [10.62611, 2.17282, 5.93696],
			"rotation": {"angle": 0, "axis": "y", "origin": [-0.25, -7.35, -0.65]},
			"faces": {
				"north": {"uv": [4, 1, 5, 2], "texture": "#2"},
				"east": {"uv": [4, 1, 5, 2], "texture": "#2"},
				"south": {"uv": [4, 1, 5, 2], "texture": "#2"},
				"west": {"uv": [4, 1, 5, 2], "texture": "#2"},
				"up": {"uv": [4, 1, 5, 2], "texture": "#2"},
				"down": {"uv": [4, 1, 5, 2], "texture": "#2"}
			}
		},
		{
			"name": "head",
			"from": [8.92611, 1.47282, 1.18696],
			"to": [10.92611, 3.47282, 3.18696],
			"rotation": {"angle": 0, "axis": "y", "origin": [-0.25, -7.35, -0.65]},
			"faces": {
				"north": {"uv": [4, 1, 5, 2], "texture": "#2"},
				"east": {"uv": [4, 1, 5, 2], "texture": "#2"},
				"south": {"uv": [4, 1, 5, 2], "texture": "#2"},
				"west": {"uv": [4, 1, 5, 2], "texture": "#2"},
				"up": {"uv": [4, 1, 5, 2], "texture": "#2"},
				"down": {"uv": [4, 1, 5, 2], "texture": "#2"}
			}
		},
		{
			"name": "head",
			"from": [4.42611, 1.52282, 11.93696],
			"to": [6.02611, 3.12282, 13.53696],
			"rotation": {"angle": 0, "axis": "y", "origin": [-0.25, -7.35, -0.65]},
			"faces": {
				"north": {"uv": [4, 1, 5, 2], "texture": "#2"},
				"east": {"uv": [4, 1, 5, 2], "texture": "#2"},
				"south": {"uv": [4, 1, 5, 2], "texture": "#2"},
				"west": {"uv": [4, 1, 5, 2], "texture": "#2"},
				"up": {"uv": [4, 1, 5, 2], "texture": "#2"},
				"down": {"uv": [4, 1, 5, 2], "texture": "#2"}
			}
		},
		{
			"name": "head",
			"from": [5.92611, 1.47282, 9.18696],
			"to": [7.92611, 3.47282, 11.18696],
			"rotation": {"angle": 0, "axis": "y", "origin": [-0.25, -7.35, -0.65]},
			"faces": {
				"north": {"uv": [4, 1, 5, 2], "texture": "#2"},
				"east": {"uv": [4, 1, 5, 2], "texture": "#2"},
				"south": {"uv": [4, 1, 5, 2], "texture": "#2"},
				"west": {"uv": [4, 1, 5, 2], "texture": "#2"},
				"up": {"uv": [4, 1, 5, 2], "texture": "#2"},
				"down": {"uv": [4, 1, 5, 2], "texture": "#2"}
			}
		},
		{
			"name": "head",
			"from": [6.22611, 0.77282, 9.63696],
			"to": [7.62611, 2.17282, 11.03696],
			"rotation": {"angle": 0, "axis": "y", "origin": [-0.25, -7.35, -0.65]},
			"faces": {
				"north": {"uv": [4, 1, 5, 2], "texture": "#2"},
				"east": {"uv": [4, 1, 5, 2], "texture": "#2"},
				"south": {"uv": [4, 1, 5, 2], "texture": "#2"},
				"west": {"uv": [4, 1, 5, 2], "texture": "#2"},
				"up": {"uv": [4, 1, 5, 2], "texture": "#2"},
				"down": {"uv": [4, 1, 5, 2], "texture": "#2"}
			}
		},
		{
			"name": "head",
			"from": [4.42611, 1.52282, 9.93696],
			"to": [6.02611, 3.12282, 11.53696],
			"rotation": {"angle": 0, "axis": "y", "origin": [-0.25, -7.35, -0.65]},
			"faces": {
				"north": {"uv": [4, 1, 5, 2], "texture": "#2"},
				"east": {"uv": [4, 1, 5, 2], "texture": "#2"},
				"south": {"uv": [4, 1, 5, 2], "texture": "#2"},
				"west": {"uv": [4, 1, 5, 2], "texture": "#2"},
				"up": {"uv": [4, 1, 5, 2], "texture": "#2"},
				"down": {"uv": [4, 1, 5, 2], "texture": "#2"}
			}
		},
		{
			"name": "head",
			"from": [7.87389, 1.52282, 9.93696],
			"to": [9.47389, 3.12282, 11.53696],
			"shade": false,
			"rotation": {"angle": 0, "axis": "y", "origin": [0.25, -7.35, -0.65]},
			"faces": {
				"north": {"uv": [4, 1, 3, 2], "texture": "#2"},
				"east": {"uv": [4, 1, 5, 2], "texture": "#2"},
				"south": {"uv": [4, 1, 5, 2], "texture": "#2"},
				"west": {"uv": [4, 1, 5, 2], "texture": "#2"},
				"up": {"uv": [4, 1, 5, 2], "texture": "#2"},
				"down": {"uv": [4, 1, 5, 2], "texture": "#2"}
			}
		},
		{
			"name": "head",
			"from": [7.83389, 1.53282, 10.94696],
			"to": [9.41389, 3.11282, 12.52696],
			"shade": false,
			"rotation": {"angle": 0, "axis": "y", "origin": [0.25, -7.35, -0.65]},
			"faces": {
				"north": {"uv": [4, 1, 3, 2], "texture": "#2"},
				"east": {"uv": [4, 1, 5, 2], "texture": "#2"},
				"south": {"uv": [4, 1, 5, 2], "texture": "#2"},
				"west": {"uv": [4, 1, 5, 2], "texture": "#2"},
				"up": {"uv": [4, 1, 5, 2], "texture": "#2"},
				"down": {"uv": [4, 1, 5, 2], "texture": "#2"}
			}
		},
		{
			"name": "head",
			"from": [4.43389, 1.53282, 10.94696],
			"to": [6.01389, 3.11282, 12.52696],
			"shade": false,
			"rotation": {"angle": 0, "axis": "y", "origin": [0.25, -7.35, -0.65]},
			"faces": {
				"north": {"uv": [4, 1, 3, 2], "texture": "#2"},
				"east": {"uv": [4, 1, 5, 2], "texture": "#2"},
				"south": {"uv": [4, 1, 5, 2], "texture": "#2"},
				"west": {"uv": [4, 1, 5, 2], "texture": "#2"},
				"up": {"uv": [4, 1, 5, 2], "texture": "#2"},
				"down": {"uv": [4, 1, 5, 2], "texture": "#2"}
			}
		},
		{
			"name": "head",
			"from": [5.07611, 0.77282, 10.03696],
			"to": [6.47611, 2.17282, 13.43696],
			"rotation": {"angle": 0, "axis": "y", "origin": [-0.25, -7.35, -0.65]},
			"faces": {
				"north": {"uv": [4, 1, 5, 2], "texture": "#2"},
				"east": {"uv": [4, 1, 5, 2], "texture": "#2"},
				"south": {"uv": [4, 1, 5, 2], "texture": "#2"},
				"west": {"uv": [4, 1, 5, 2], "texture": "#2"},
				"up": {"uv": [4, 1, 5, 2], "texture": "#2"},
				"down": {"uv": [4, 1, 5, 2], "texture": "#2"}
			}
		},
		{
			"name": "head",
			"from": [7.87389, 1.52282, 11.93696],
			"to": [9.47389, 3.12282, 13.53696],
			"shade": false,
			"rotation": {"angle": 0, "axis": "y", "origin": [0.25, -7.35, -0.65]},
			"faces": {
				"north": {"uv": [4, 1, 3, 2], "texture": "#2"},
				"east": {"uv": [4, 1, 5, 2], "texture": "#2"},
				"south": {"uv": [4, 1, 5, 2], "texture": "#2"},
				"west": {"uv": [4, 1, 5, 2], "texture": "#2"},
				"up": {"uv": [4, 1, 5, 2], "texture": "#2"},
				"down": {"uv": [4, 1, 5, 2], "texture": "#2"}
			}
		},
		{
			"name": "head",
			"from": [7.42389, 0.77282, 10.03696],
			"to": [8.82389, 2.17282, 13.43696],
			"shade": false,
			"rotation": {"angle": 0, "axis": "y", "origin": [0.25, -7.35, -0.65]},
			"faces": {
				"north": {"uv": [4, 1, 3, 2], "texture": "#2"},
				"east": {"uv": [4, 1, 5, 2], "texture": "#2"},
				"south": {"uv": [4, 1, 5, 2], "texture": "#2"},
				"west": {"uv": [4, 1, 5, 2], "texture": "#2"},
				"up": {"uv": [4, 1, 5, 2], "texture": "#2"},
				"down": {"uv": [4, 1, 5, 2], "texture": "#2"}
			}
		},
		{
			"name": "head",
			"from": [5.92611, 1.47282, 12.28696],
			"to": [7.92611, 3.47282, 14.28696],
			"rotation": {"angle": 0, "axis": "y", "origin": [-0.25, -7.35, -0.65]},
			"faces": {
				"north": {"uv": [4, 1, 5, 2], "texture": "#2"},
				"east": {"uv": [4, 1, 5, 2], "texture": "#2"},
				"south": {"uv": [4, 1, 5, 2], "texture": "#2"},
				"west": {"uv": [4, 1, 5, 2], "texture": "#2"},
				"up": {"uv": [4, 1, 5, 2], "texture": "#2"},
				"down": {"uv": [4, 1, 5, 2], "texture": "#2"}
			}
		},
		{
			"name": "head",
			"from": [6.22611, 0.87282, 11.08696],
			"to": [7.62611, 2.27282, 12.48696],
			"rotation": {"angle": 0, "axis": "y", "origin": [-0.25, -7.35, -0.65]},
			"faces": {
				"north": {"uv": [4, 1, 5, 2], "texture": "#2"},
				"east": {"uv": [4, 1, 5, 2], "texture": "#2"},
				"south": {"uv": [4, 1, 5, 2], "texture": "#2"},
				"west": {"uv": [4, 1, 5, 2], "texture": "#2"},
				"up": {"uv": [4, 1, 5, 2], "texture": "#2"},
				"down": {"uv": [4, 1, 5, 2], "texture": "#2"}
			}
		},
		{
			"name": "head",
			"from": [6.22611, 0.77282, 12.53696],
			"to": [7.62611, 2.17282, 13.93696],
			"rotation": {"angle": 0, "axis": "y", "origin": [-0.25, -7.35, -0.65]},
			"faces": {
				"north": {"uv": [4, 1, 5, 2], "texture": "#2"},
				"east": {"uv": [4, 1, 5, 2], "texture": "#2"},
				"south": {"uv": [4, 1, 5, 2], "texture": "#2"},
				"west": {"uv": [4, 1, 5, 2], "texture": "#2"},
				"up": {"uv": [4, 1, 5, 2], "texture": "#2"},
				"down": {"uv": [4, 1, 5, 2], "texture": "#2"}
			}
		},
		{
			"name": "Body",
			"from": [7.96304, -1.17718, 1.72611],
			"to": [11.96304, 0.82282, 5.72611],
			"rotation": {"angle": 0, "axis": "y", "origin": [-0.25, -0.1, -0.65]},
			"faces": {
				"north": {"uv": [0, 0, 4, 2], "texture": "#1"},
				"east": {"uv": [0, 0, 4, 2], "texture": "#1"},
				"south": {"uv": [0, 0, 4, 2], "texture": "#1"},
				"west": {"uv": [0, 0, 4, 2], "texture": "#1"},
				"up": {"uv": [0, 0, 4, 4], "texture": "#1"},
				"down": {"uv": [0, 0, 4, 4], "texture": "#1"}
			}
		},
		{
			"name": "Body",
			"from": [4.96304, -1.17718, 9.72611],
			"to": [8.96304, 0.82282, 13.72611],
			"rotation": {"angle": 0, "axis": "y", "origin": [-0.25, -0.1, -0.65]},
			"faces": {
				"north": {"uv": [0, 0, 4, 4], "texture": "#1"},
				"east": {"uv": [0, 0, 4, 4], "texture": "#1"},
				"south": {"uv": [0, 0, 4, 4], "texture": "#1"},
				"west": {"uv": [0, 0, 4, 4], "texture": "#1"},
				"up": {"uv": [0, 0, 4, 4], "texture": "#1"},
				"down": {"uv": [0, 0, 4, 4], "texture": "#1"}
			}
		}
	],
	"groups": [0, 1, 2, 3, 4, 5, 6, 7, 8, 9, 10, 11, 12, 13, 14, 15, 16, 17, 18, 19, 20, 21, 22, 23, 24, 25,
		{
			"name": "carrot1",
			"origin": [-0.55, 0.5, -0.65],
			"rotation": [0, -180, 0],
			"color": 0,
			"children": [26, 27]
		}
	]
}