{
	"credit": "Made with Blockbench",
	"textures": {
		"0": "blocks/soup",
		"1": "blocks/trident",
		"2": "blocks/whistle",
		"6": "blocks/hook",
		"8": "blocks/harp 2",
		"9": "blocks/harp 1",
		"10": "blocks/feather ",
		"11": "blocks/Chef Hat",
		"12": "blocks/tentacle 1",
		"13": "blocks/tentacle 2",
		"14": "blocks/Halo",
		"particle": "blocks/soup"
	},
	"elements": [
		{
			"from": [-3.3, 2, 10],
			"to": [-2.3, 8, 11],
			"rotation": {"angle": 22.5, "axis": "x", "origin": [-2.5, 4.88478, 8.05186]},
			"faces": {
				"north": {"uv": [4, 0, 5, 6], "texture": "#9"},
				"east": {"uv": [5, 0, 6, 6], "texture": "#9"},
				"south": {"uv": [6, 0, 7, 6], "texture": "#9"},
				"west": {"uv": [4, 6, 5, 12], "texture": "#9"},
				"up": {"uv": [10, 3, 9, 2], "texture": "#9"},
				"down": {"uv": [10, 3, 9, 4], "texture": "#9"}
			}
		},
		{
			"from": [-3.3, -1, 5],
			"to": [-2.3, 11, 6],
			"rotation": {"angle": 22.5, "axis": "x", "origin": [-2.5, 4.88478, 8.05186]},
			"faces": {
				"north": {"uv": [0, 0, 1, 12], "texture": "#9"},
				"east": {"uv": [1, 0, 2, 12], "texture": "#9"},
				"south": {"uv": [2, 0, 3, 12], "texture": "#9"},
				"west": {"uv": [3, 0, 4, 12], "texture": "#9"},
				"up": {"uv": [10, 5, 9, 4], "texture": "#9"},
				"down": {"uv": [10, 5, 9, 6], "texture": "#9"}
			}
		},
		{
			"from": [-3.3, 3.51484, 10.82981],
			"to": [-2.3, 8.51484, 11.82981],
			"rotation": {"angle": -45, "axis": "x", "origin": [-2.5, 4.88478, 8.05186]},
			"faces": {
				"north": {"uv": [5, 6, 6, 11], "texture": "#9"},
				"east": {"uv": [6, 6, 7, 11], "texture": "#9"},
				"south": {"uv": [7, 0, 8, 5], "texture": "#9"},
				"west": {"uv": [7, 5, 8, 10], "texture": "#9"},
				"up": {"uv": [10, 7, 9, 6], "texture": "#9"},
				"down": {"uv": [10, 7, 9, 8], "texture": "#9"}
			}
		},
		{
			"from": [-3.3, 1.01525, 4.04071],
			"to": [-2.3, 2.01525, 9.04071],
			"rotation": {"angle": 0, "axis": "y", "origin": [-2.5, 4.88478, 8.05186]},
			"faces": {
				"north": {"uv": [9, 8, 10, 9], "texture": "#9"},
				"east": {"uv": [8, 0, 13, 1], "texture": "#9"},
				"south": {"uv": [9, 9, 10, 10], "texture": "#9"},
				"west": {"uv": [8, 1, 13, 2], "texture": "#9"},
				"up": {"uv": [9, 7, 8, 2], "texture": "#9"},
				"down": {"uv": [9, 7, 8, 12], "texture": "#9"}
			}
		},
		{
			"from": [-2.5, 1, 6],
			"to": [-2.4, 9, 6.5],
			"rotation": {"angle": 22.5, "axis": "x", "origin": [-2.5, 4.88478, 8.05186]},
			"faces": {
				"north": {"uv": [0, 8, 1, 16], "texture": "#8"},
				"east": {"uv": [0, 0, 6, 8], "texture": "#8"},
				"south": {"uv": [1, 8, 2, 16], "texture": "#8"},
				"west": {"uv": [8, 0, 9, 8], "texture": "#8"},
				"up": {"uv": [3, 14, 2, 8], "texture": "#8"},
				"down": {"uv": [4, 8, 3, 14], "texture": "#8"}
			}
		},
		{
			"from": [-2.5, 1, 7],
			"to": [-2.4, 9, 7.5],
			"rotation": {"angle": 22.5, "axis": "x", "origin": [-2.5, 4.88478, 8.05186]},
			"faces": {
				"north": {"uv": [0, 8, 1, 16], "texture": "#8"},
				"east": {"uv": [0, 0, 6, 8], "texture": "#8"},
				"south": {"uv": [1, 8, 2, 16], "texture": "#8"},
				"west": {"uv": [8, 0, 9, 8], "texture": "#8"},
				"up": {"uv": [3, 14, 2, 8], "texture": "#8"},
				"down": {"uv": [4, 8, 3, 14], "texture": "#8"}
			}
		},
		{
			"from": [-2.5, 1, 8],
			"to": [-2.4, 8, 8.5],
			"rotation": {"angle": 22.5, "axis": "x", "origin": [-2.5, 4.88478, 8.05186]},
			"faces": {
				"north": {"uv": [0, 8, 1, 16], "texture": "#8"},
				"east": {"uv": [0, 0, 6, 8], "texture": "#8"},
				"south": {"uv": [1, 8, 2, 16], "texture": "#8"},
				"west": {"uv": [8, 0, 9, 8], "texture": "#8"},
				"up": {"uv": [3, 14, 2, 8], "texture": "#8"},
				"down": {"uv": [4, 8, 3, 14], "texture": "#8"}
			}
		},
		{
			"from": [-2.5, 2, 9],
			"to": [-2.4, 8, 9.5],
			"rotation": {"angle": 22.5, "axis": "x", "origin": [-2.5, 4.88478, 8.05186]},
			"faces": {
				"north": {"uv": [0, 8, 1, 16], "texture": "#8"},
				"east": {"uv": [0, 0, 6, 8], "texture": "#8"},
				"south": {"uv": [1, 8, 2, 16], "texture": "#8"},
				"west": {"uv": [8, 0, 9, 8], "texture": "#8"},
				"up": {"uv": [3, 14, 2, 8], "texture": "#8"},
				"down": {"uv": [4, 8, 3, 14], "texture": "#8"}
			}
		},
		{
			"from": [-4.34451, 10.88345, 8],
			"to": [-3.34451, 13.88345, 9],
			"rotation": {"angle": 0, "axis": "y", "origin": [-5.84451, 14.38345, 8.5]},
			"faces": {
				"north": {"uv": [0, 0, 3, 1], "rotation": 270, "texture": "#6"},
				"east": {"uv": [0, 0, 3, 1], "rotation": 90, "texture": "#6"},
				"south": {"uv": [0, 0, 3, 1], "rotation": 90, "texture": "#6"},
				"west": {"uv": [0, 0, 3, 1], "rotation": 90, "texture": "#6"},
				"up": {"uv": [0, 0, 3, 1], "rotation": 90, "texture": "#6"},
				"down": {"uv": [0, 0, 3, 1], "rotation": 90, "texture": "#6"}
			}
		},
		{
			"from": [-2.34451, 8.88345, 8],
			"to": [-1.34451, 11.88345, 9],
			"rotation": {"angle": 0, "axis": "y", "origin": [-5.84451, 14.38345, 8.5]},
			"faces": {
				"north": {"uv": [3, 0, 6, 1], "rotation": 270, "texture": "#6"},
				"east": {"uv": [3, 0, 6, 1], "rotation": 90, "texture": "#6"},
				"south": {"uv": [3, 0, 6, 1], "rotation": 90, "texture": "#6"},
				"west": {"uv": [3, 0, 6, 1], "rotation": 90, "texture": "#6"},
				"up": {"uv": [3, 0, 6, 1], "rotation": 90, "texture": "#6"},
				"down": {"uv": [3, 0, 6, 1], "rotation": 90, "texture": "#6"}
			}
		},
		{
			"from": [-4.34451, 7.88345, 8],
			"to": [-3.34451, 9.88345, 9],
			"rotation": {"angle": 0, "axis": "y", "origin": [-5.84451, 14.38345, 8.5]},
			"faces": {
				"north": {"uv": [3, 0, 6, 1], "rotation": 270, "texture": "#6"},
				"east": {"uv": [3, 0, 6, 1], "rotation": 90, "texture": "#6"},
				"south": {"uv": [3, 0, 6, 1], "rotation": 90, "texture": "#6"},
				"west": {"uv": [3, 0, 6, 1], "rotation": 90, "texture": "#6"},
				"up": {"uv": [3, 0, 6, 1], "rotation": 90, "texture": "#6"},
				"down": {"uv": [3, 0, 6, 1], "rotation": 90, "texture": "#6"}
			}
		},
		{
			"from": [-2.34451, 12.88345, 8],
			"to": [-1.34451, 14.88345, 9],
			"rotation": {"angle": 0, "axis": "y", "origin": [-5.84451, 14.38345, 8.5]},
			"faces": {
				"north": {"uv": [3, 0, 6, 1], "rotation": 270, "texture": "#6"},
				"east": {"uv": [3, 0, 6, 1], "rotation": 90, "texture": "#6"},
				"south": {"uv": [3, 0, 6, 1], "rotation": 90, "texture": "#6"},
				"west": {"uv": [3, 0, 6, 1], "rotation": 90, "texture": "#6"},
				"up": {"uv": [3, 0, 6, 1], "rotation": 90, "texture": "#6"},
				"down": {"uv": [3, 0, 6, 1], "rotation": 90, "texture": "#6"}
			}
		},
		{
			"from": [-4.34451, 10.88345, 8],
			"to": [-1.34451, 11.88345, 9],
			"rotation": {"angle": 0, "axis": "y", "origin": [-5.84451, 14.38345, 8.5]},
			"faces": {
				"north": {"uv": [0, 4, 1, 7], "rotation": 270, "texture": "#6"},
				"east": {"uv": [0, 4, 1, 7], "rotation": 90, "texture": "#6"},
				"south": {"uv": [0, 4, 1, 7], "rotation": 90, "texture": "#6"},
				"west": {"uv": [0, 4, 1, 7], "rotation": 90, "texture": "#6"},
				"up": {"uv": [0, 4, 1, 7], "rotation": 90, "texture": "#6"},
				"down": {"uv": [0, 4, 1, 7], "rotation": 90, "texture": "#6"}
			}
		},
		{
			"from": [-4.34451, 7.88345, 8],
			"to": [-1.34451, 8.88345, 9],
			"rotation": {"angle": 0, "axis": "y", "origin": [-5.84451, 14.38345, 8.5]},
			"faces": {
				"north": {"uv": [4, 4, 5, 7], "rotation": 270, "texture": "#6"},
				"east": {"uv": [4, 4, 5, 7], "rotation": 90, "texture": "#6"},
				"south": {"uv": [4, 4, 5, 7], "rotation": 90, "texture": "#6"},
				"west": {"uv": [4, 4, 5, 7], "rotation": 90, "texture": "#6"},
				"up": {"uv": [4, 4, 5, 7], "rotation": 90, "texture": "#6"},
				"down": {"uv": [4, 4, 5, 7], "rotation": 90, "texture": "#6"}
			}
		},
		{
			"from": [-4.34451, 13.88345, 8],
			"to": [-1.34451, 14.88345, 9],
			"rotation": {"angle": 0, "axis": "y", "origin": [-5.84451, 14.38345, 8.5]},
			"faces": {
				"north": {"uv": [6, 6, 7, 9], "rotation": 270, "texture": "#6"},
				"east": {"uv": [6, 6, 7, 9], "rotation": 90, "texture": "#6"},
				"south": {"uv": [6, 6, 7, 9], "rotation": 90, "texture": "#6"},
				"west": {"uv": [6, 6, 7, 9], "rotation": 90, "texture": "#6"},
				"up": {"uv": [6, 6, 7, 9], "rotation": 90, "texture": "#6"},
				"down": {"uv": [6, 6, 7, 9], "rotation": 90, "texture": "#6"}
			}
		},
		{
			"from": [18, 11, 6],
			"to": [18, 14, 7],
			"faces": {
				"north": {"uv": [0, 0, 0, 3], "texture": "#8"},
				"east": {"uv": [0, 0, 1, 3], "texture": "#8"},
				"south": {"uv": [0, 0, 0, 3], "texture": "#8"},
				"west": {"uv": [0, 0, 1, 3], "texture": "#8"},
				"up": {"uv": [0, 0, 0, 1], "texture": "#8"},
				"down": {"uv": [0, 0, 0, 1], "texture": "#8"}
			}
		},
		{
			"from": [18, 14, 6],
			"to": [19, 14, 7],
			"faces": {
				"north": {"uv": [0, 0, 1, 0], "texture": "#8"},
				"east": {"uv": [0, 0, 1, 0], "texture": "#8"},
				"south": {"uv": [0, 0, 1, 0], "texture": "#8"},
				"west": {"uv": [0, 0, 1, 0], "texture": "#8"},
				"up": {"uv": [0, 0, 1, 1], "texture": "#8"},
				"down": {"uv": [0, 0, 1, 1], "texture": "#8"}
			}
		},
		{
			"from": [19, 11, 6],
			"to": [19, 14, 7],
			"faces": {
				"north": {"uv": [0, 0, 0, 3], "texture": "#8"},
				"east": {"uv": [0, 0, 1, 3], "texture": "#8"},
				"south": {"uv": [0, 0, 0, 3], "texture": "#8"},
				"west": {"uv": [0, 0, 1, 3], "texture": "#8"},
				"up": {"uv": [0, 0, 0, 1], "texture": "#8"},
				"down": {"uv": [0, 0, 0, 1], "texture": "#8"}
			}
		},
		{
			"from": [18, 10.625, 5.625],
			"to": [19, 11.625, 6.625],
			"rotation": {"angle": -22.5, "axis": "x", "origin": [18.5, 10.625, 6]},
			"faces": {
				"north": {"uv": [0, 0, 1, 1], "texture": "#2"},
				"east": {"uv": [0, 1, 1, 2], "texture": "#2"},
				"south": {"uv": [1, 0, 2, 1], "texture": "#2"},
				"west": {"uv": [1, 1, 2, 2], "texture": "#2"},
				"up": {"uv": [1, 3, 0, 2], "texture": "#2"},
				"down": {"uv": [3, 0, 2, 1], "texture": "#2"}
			}
		},
		{
			"from": [18, 9.625, 5.625],
			"to": [19, 10.625, 6.125],
			"rotation": {"angle": -22.5, "axis": "x", "origin": [18.5, 10.625, 6]},
			"faces": {
				"north": {"uv": [1, 2, 2, 3], "texture": "#2"},
				"east": {"uv": [2, 1, 3, 2], "texture": "#2"},
				"south": {"uv": [2, 2, 3, 3], "texture": "#2"},
				"west": {"uv": [0, 3, 1, 4], "texture": "#2"},
				"up": {"uv": [4, 1, 3, 0], "texture": "#2"},
				"down": {"uv": [2, 3, 1, 4], "texture": "#2"}
			}
		},
		{
			"from": [18, 0.1, 8],
			"to": [19, 0.1, 12],
			"faces": {
				"north": {"uv": [0, 0, 1, 0], "texture": "#10"},
				"east": {"uv": [0, 0, 4, 0], "texture": "#10"},
				"south": {"uv": [0, 0, 1, 0], "texture": "#10"},
				"west": {"uv": [0, 0, 4, 0], "texture": "#10"},
				"up": {"uv": [1, 4, 0, 0], "texture": "#10"},
				"down": {"uv": [2, 0, 1, 4], "texture": "#10"}
			}
		},
		{
			"from": [17, 0.1, 7],
			"to": [18, 0.1, 8],
			"faces": {
				"north": {"uv": [0, 0, 1, 0], "texture": "#10"},
				"east": {"uv": [0, 0, 1, 0], "texture": "#10"},
				"south": {"uv": [0, 0, 1, 0], "texture": "#10"},
				"west": {"uv": [0, 0, 1, 0], "texture": "#10"},
				"up": {"uv": [3, 1, 2, 0], "texture": "#10"},
				"down": {"uv": [3, 1, 2, 2], "texture": "#10"}
			}
		},
		{
			"from": [17, 0, 3],
			"to": [19, 3, 5],
			"faces": {
				"north": {"uv": [3, 0, 5, 3], "texture": "#11"},
				"east": {"uv": [3, 3, 5, 6], "texture": "#11"},
				"south": {"uv": [5, 0, 7, 3], "texture": "#11"},
				"west": {"uv": [5, 3, 7, 6], "texture": "#11"},
				"up": {"uv": [2, 8, 0, 6], "texture": "#11"},
				"down": {"uv": [4, 6, 2, 8], "texture": "#11"}
			}
		},
		{
			"from": [16.5, 3, 2.5],
			"to": [19.5, 4, 5.5],
			"faces": {
				"north": {"uv": [4, 6, 7, 7], "texture": "#11"},
				"east": {"uv": [7, 0, 10, 1], "texture": "#11"},
				"south": {"uv": [7, 1, 10, 2], "texture": "#11"},
				"west": {"uv": [7, 2, 10, 3], "texture": "#11"},
				"up": {"uv": [3, 3, 0, 0], "texture": "#11"},
				"down": {"uv": [3, 3, 0, 6], "texture": "#11"}
			}
		},
		{
			"from": [2.3, -1, 16.8],
			"to": [3.3, 30, 17.8],
			"rotation": {"angle": -22.5, "axis": "x", "origin": [3.5, 14.5, 17.5]},
			"faces": {
				"north": {"uv": [1.5, 0.5, 2, 16], "texture": "#1"},
				"east": {"uv": [1, 0.5, 1.5, 16], "texture": "#1"},
				"south": {"uv": [0.5, 0.5, 1, 16], "texture": "#1"},
				"west": {"uv": [1, 1, 2, 16], "texture": "#1"},
				"up": {"uv": [0.5, 0, 1, 0.5], "texture": "#1"},
				"down": {"uv": [1, 0, 1.5, 0.5], "texture": "#1"}
			}
		},
		{
			"from": [1.3, 24, 16.8],
			"to": [4.3, 26, 17.8],
			"rotation": {"angle": -22.5, "axis": "x", "origin": [3.5, 14.5, 17.5]},
			"faces": {
				"north": {"uv": [4.5, 0.5, 6, 1.5], "texture": "#1"},
				"east": {"uv": [2, 0.5, 2.5, 1.5], "texture": "#1"},
				"south": {"uv": [2.5, 0.5, 4, 1.5], "texture": "#1"},
				"west": {"uv": [5.5, 0.5, 6, 1.5], "texture": "#1"},
				"up": {"uv": [2.5, 0, 4, 0.5], "texture": "#1"},
				"down": {"uv": [4, 0, 5.5, 0.5], "texture": "#1"}
			}
		},
		{
			"from": [4.3, 25, 16.8],
			"to": [5.3, 29, 17.8],
			"rotation": {"angle": -22.5, "axis": "x", "origin": [3.5, 14.5, 17.5]},
			"faces": {
				"north": {"uv": [3, 2, 3.5, 4], "texture": "#1"},
				"east": {"uv": [2, 2, 2.5, 4], "texture": "#1"},
				"south": {"uv": [2.5, 2, 3, 4], "texture": "#1"},
				"west": {"uv": [3.5, 2, 4, 4], "texture": "#1"},
				"up": {"uv": [2.5, 1.5, 3, 2], "texture": "#1"},
				"down": {"uv": [3, 1.5, 3.5, 2], "texture": "#1"}
			}
		},
		{
			"from": [0.3, 25, 16.8],
			"to": [1.3, 29, 17.8],
			"rotation": {"angle": -22.5, "axis": "x", "origin": [3.5, 14.5, 17.5]},
			"faces": {
				"north": {"uv": [3, 2, 3.5, 4], "texture": "#1"},
				"east": {"uv": [2, 2, 2.5, 4], "texture": "#1"},
				"south": {"uv": [2.5, 2, 3, 4], "texture": "#1"},
				"west": {"uv": [3.5, 2, 4, 4], "texture": "#1"},
				"up": {"uv": [2.5, 1.5, 3, 2], "texture": "#1"},
				"down": {"uv": [3, 1.5, 3.5, 2], "texture": "#1"}
			}
		},
		{
			"from": [2, 14, -1],
			"to": [4, 17, 0],
			"faces": {
				"north": {"uv": [2, 4, 4, 7], "texture": "#12"},
				"east": {"uv": [2, 7, 3, 10], "texture": "#12"},
				"south": {"uv": [4, 4, 6, 7], "texture": "#12"},
				"west": {"uv": [3, 7, 4, 10], "texture": "#12"},
				"up": {"uv": [6, 8, 4, 7], "texture": "#12"},
				"down": {"uv": [2, 8, 0, 9], "texture": "#12"}
			}
		},
		{
			"from": [2, 16, 0],
			"to": [4, 18, 4],
			"faces": {
				"north": {"uv": [6, 0, 8, 2], "texture": "#12"},
				"east": {"uv": [0, 0, 4, 2], "texture": "#12"},
				"south": {"uv": [6, 2, 8, 4], "texture": "#12"},
				"west": {"uv": [0, 2, 4, 4], "texture": "#12"},
				"up": {"uv": [2, 8, 0, 4], "texture": "#12"},
				"down": {"uv": [6, 0, 4, 4], "texture": "#12"}
			}
		},
		{
			"from": [2, 12.3, 2],
			"to": [4, 16, 4],
			"faces": {
				"north": {"uv": [8, 0, 10, 1], "texture": "#12"},
				"east": {"uv": [8, 1, 10, 2], "texture": "#12"},
				"south": {"uv": [8, 2, 10, 3], "texture": "#12"},
				"west": {"uv": [8, 3, 10, 4], "texture": "#12"},
				"up": {"uv": [8, 6, 6, 4], "texture": "#12"},
				"down": {"uv": [8, 6, 6, 8], "texture": "#12"}
			}
		},
		{
			"from": [1, 0, 1],
			"to": [15, 13, 15],
			"faces": {
				"north": {"uv": [2, 2, 14, 14], "texture": "#missing", "cullface": "up"},
				"east": {"uv": [2, 2, 14, 14], "texture": "#missing", "cullface": "up"},
				"south": {"uv": [2, 2, 14, 14], "texture": "#missing", "cullface": "up"},
				"west": {"uv": [2, 2, 14, 14], "texture": "#missing", "cullface": "up"},
				"up": {"uv": [0, 0, 12, 12], "texture": "#0", "cullface": "up"}
			}
		},
		{
			"from": [4, 12, 11],
			"to": [13, 13, 12],
			"rotation": {"angle": -22.5, "axis": "x", "origin": [8.5, 16.5, 7.5]},
			"faces": {
				"north": {"uv": [0, 0, 4.5, 0.5], "texture": "#14"},
				"east": {"uv": [0, 5.5, 0.5, 6], "texture": "#14"},
				"south": {"uv": [0, 0.5, 4.5, 1], "texture": "#14"},
				"west": {"uv": [0.5, 5.5, 1, 6], "texture": "#14"},
				"up": {"uv": [4.5, 1.5, 0, 1], "texture": "#14"},
				"down": {"uv": [4.5, 1.5, 0, 2], "texture": "#14"}
			}
		},
		{
			"from": [4, 12, 3],
			"to": [13, 13, 4],
			"rotation": {"angle": -22.5, "axis": "x", "origin": [8.5, 16.5, 7.5]},
			"faces": {
				"north": {"uv": [0, 2, 4.5, 2.5], "texture": "#14"},
				"east": {"uv": [5.5, 0.5, 6, 1], "texture": "#14"},
				"south": {"uv": [0, 2.5, 4.5, 3], "texture": "#14"},
				"west": {"uv": [1, 5.5, 1.5, 6], "texture": "#14"},
				"up": {"uv": [4.5, 3.5, 0, 3], "texture": "#14"},
				"down": {"uv": [4.5, 3.5, 0, 4], "texture": "#14"}
			}
		},
		{
			"from": [4, 12, 3],
			"to": [5, 13, 12],
			"rotation": {"angle": -22.5, "axis": "x", "origin": [8.5, 16.5, 7.5]},
			"faces": {
				"north": {"uv": [5.5, 1, 6, 1.5], "texture": "#14"},
				"east": {"uv": [0, 4, 4.5, 4.5], "texture": "#14"},
				"south": {"uv": [1.5, 5.5, 2, 6], "texture": "#14"},
				"west": {"uv": [0, 4.5, 4.5, 5], "texture": "#14"},
				"up": {"uv": [5, 4.5, 4.5, 0], "texture": "#14"},
				"down": {"uv": [5, 4.5, 4.5, 9], "texture": "#14"}
			}
		},
		{
			"from": [12, 12, 3],
			"to": [13, 13, 12],
			"rotation": {"angle": -22.5, "axis": "x", "origin": [8.5, 16.5, 7.5]},
			"faces": {
				"north": {"uv": [5.5, 1.5, 6, 2], "texture": "#14"},
				"east": {"uv": [0, 5, 4.5, 5.5], "texture": "#14"},
				"south": {"uv": [2, 5.5, 2.5, 6], "texture": "#14"},
				"west": {"uv": [5, 0, 9.5, 0.5], "texture": "#14"},
				"up": {"uv": [5.5, 5, 5, 0.5], "texture": "#14"},
				"down": {"uv": [5.5, 5, 5, 9.5], "texture": "#14"}
			}
		},
		{
			"from": [5, 13, 5],
			"to": [7, 15, 11],
			"rotation": {"angle": 22.5, "axis": "y", "origin": [3, 22, 1]},
			"faces": {
				"north": {"uv": [4, 4, 6, 6], "texture": "#13"},
				"east": {"uv": [0, 0, 6, 2], "texture": "#13"},
				"south": {"uv": [6, 0, 8, 2], "texture": "#13"},
				"west": {"uv": [0, 2, 6, 4], "texture": "#13"},
				"up": {"uv": [2, 10, 0, 4], "texture": "#13"},
				"down": {"uv": [4, 4, 2, 10], "texture": "#13"}
			}
		}
	],
	"groups": [
		{
			"name": "group",
			"origin": [8, 8, 8],
			"color": 0,
			"children": [
				{
					"name": "group",
					"origin": [8, 8, 8],
					"color": 0,
					"children": [
						{
							"name": "harp",
							"origin": [8, 8, 8],
							"color": 0,
							"children": [
								{
									"name": "group",
									"origin": [8, 8, 8],
									"color": 0,
									"children": [0, 1, 2, 3]
								},
								{
									"name": "group",
									"origin": [-2.5, 5.88478, 9.05186],
									"color": 0,
									"children": [4, 5, 6, 7]
								}
							]
						},
						{
							"name": "Iron hook",
							"origin": [8, 8, 8],
							"color": 0,
							"children": [8, 9, 10, 11, 12, 13, 14]
						},
						{
							"name": "whistle",
							"origin": [8, 8, 8],
							"color": 0,
							"children": [15, 16, 17,
								{
									"name": "group",
									"origin": [0, 0, 0],
									"color": 0,
									"children": [18, 19]
								}
							]
						},
						{
							"name": "group",
							"origin": [8, 8, 8],
							"color": 0,
							"children": [20, 21]
						},
						{
							"name": "group",
							"origin": [8, 8, 8],
							"color": 0,
							"children": [22, 23]
						},
						{
							"name": "group",
							"origin": [8, 8, 8],
							"color": 0,
							"children": [24, 25, 26, 27]
						},
						{
							"name": "group",
							"origin": [8, 8, 8],
							"color": 0,
							"children": [28, 29, 30]
						}
					]
				}, 31,
				{
					"name": "group",
					"origin": [8, 8, 8],
					"color": 0,
					"children": [
						{
							"name": "group",
							"origin": [8, 8, 8],
							"color": 0,
							"children": [32, 33, 34, 35]
						},
						{
							"name": "group",
							"origin": [8, 8, 8],
							"color": 0,
							"children": [36]
						}
					]
				}
			]
		}
	]
}