{
	"credit": "Made with Blockbench",
	"textures": {
		"0": "blocks/soup",
		"1": "blocks/hook",
		"2": "blocks/harp 2",
		"3": "blocks/harp 1",
		"6": "blocks/whistle",
		"7": "blocks/feather ",
		"8": "blocks/Chef Hat",
		"9": "blocks/chicken",
		"particle": "blocks/soup"
	},
	"elements": [
		{
			"from": [-3.3, 2, 10],
			"to": [-2.3, 8, 11],
			"rotation": {"angle": 22.5, "axis": "x", "origin": [-2.5, 4.88478, 8.05186]},
			"faces": {
				"north": {"uv": [4, 0, 5, 6], "texture": "#3"},
				"east": {"uv": [5, 0, 6, 6], "texture": "#3"},
				"south": {"uv": [6, 0, 7, 6], "texture": "#3"},
				"west": {"uv": [4, 6, 5, 12], "texture": "#3"},
				"up": {"uv": [10, 3, 9, 2], "texture": "#3"},
				"down": {"uv": [10, 3, 9, 4], "texture": "#3"}
			}
		},
		{
			"from": [-3.3, -1, 5],
			"to": [-2.3, 11, 6],
			"rotation": {"angle": 22.5, "axis": "x", "origin": [-2.5, 4.88478, 8.05186]},
			"faces": {
				"north": {"uv": [0, 0, 1, 12], "texture": "#3"},
				"east": {"uv": [1, 0, 2, 12], "texture": "#3"},
				"south": {"uv": [2, 0, 3, 12], "texture": "#3"},
				"west": {"uv": [3, 0, 4, 12], "texture": "#3"},
				"up": {"uv": [10, 5, 9, 4], "texture": "#3"},
				"down": {"uv": [10, 5, 9, 6], "texture": "#3"}
			}
		},
		{
			"from": [-3.3, 3.51484, 10.82981],
			"to": [-2.3, 8.51484, 11.82981],
			"rotation": {"angle": -45, "axis": "x", "origin": [-2.5, 4.88478, 8.05186]},
			"faces": {
				"north": {"uv": [5, 6, 6, 11], "texture": "#3"},
				"east": {"uv": [6, 6, 7, 11], "texture": "#3"},
				"south": {"uv": [7, 0, 8, 5], "texture": "#3"},
				"west": {"uv": [7, 5, 8, 10], "texture": "#3"},
				"up": {"uv": [10, 7, 9, 6], "texture": "#3"},
				"down": {"uv": [10, 7, 9, 8], "texture": "#3"}
			}
		},
		{
			"from": [-3.3, 1.01525, 4.04071],
			"to": [-2.3, 2.01525, 9.04071],
			"rotation": {"angle": 0, "axis": "y", "origin": [-2.5, 4.88478, 8.05186]},
			"faces": {
				"north": {"uv": [9, 8, 10, 9], "texture": "#3"},
				"east": {"uv": [8, 0, 13, 1], "texture": "#3"},
				"south": {"uv": [9, 9, 10, 10], "texture": "#3"},
				"west": {"uv": [8, 1, 13, 2], "texture": "#3"},
				"up": {"uv": [9, 7, 8, 2], "texture": "#3"},
				"down": {"uv": [9, 7, 8, 12], "texture": "#3"}
			}
		},
		{
			"from": [-2.5, 1, 6],
			"to": [-2.4, 9, 6.5],
			"rotation": {"angle": 22.5, "axis": "x", "origin": [-2.5, 4.88478, 8.05186]},
			"faces": {
				"north": {"uv": [0, 8, 1, 16], "texture": "#2"},
				"east": {"uv": [0, 0, 6, 8], "texture": "#2"},
				"south": {"uv": [1, 8, 2, 16], "texture": "#2"},
				"west": {"uv": [8, 0, 9, 8], "texture": "#2"},
				"up": {"uv": [3, 14, 2, 8], "texture": "#2"},
				"down": {"uv": [4, 8, 3, 14], "texture": "#2"}
			}
		},
		{
			"from": [-2.5, 1, 7],
			"to": [-2.4, 9, 7.5],
			"rotation": {"angle": 22.5, "axis": "x", "origin": [-2.5, 4.88478, 8.05186]},
			"faces": {
				"north": {"uv": [0, 8, 1, 16], "texture": "#2"},
				"east": {"uv": [0, 0, 6, 8], "texture": "#2"},
				"south": {"uv": [1, 8, 2, 16], "texture": "#2"},
				"west": {"uv": [8, 0, 9, 8], "texture": "#2"},
				"up": {"uv": [3, 14, 2, 8], "texture": "#2"},
				"down": {"uv": [4, 8, 3, 14], "texture": "#2"}
			}
		},
		{
			"from": [-2.5, 1, 8],
			"to": [-2.4, 8, 8.5],
			"rotation": {"angle": 22.5, "axis": "x", "origin": [-2.5, 4.88478, 8.05186]},
			"faces": {
				"north": {"uv": [0, 8, 1, 16], "texture": "#2"},
				"east": {"uv": [0, 0, 6, 8], "texture": "#2"},
				"south": {"uv": [1, 8, 2, 16], "texture": "#2"},
				"west": {"uv": [8, 0, 9, 8], "texture": "#2"},
				"up": {"uv": [3, 14, 2, 8], "texture": "#2"},
				"down": {"uv": [4, 8, 3, 14], "texture": "#2"}
			}
		},
		{
			"from": [-2.5, 2, 9],
			"to": [-2.4, 8, 9.5],
			"rotation": {"angle": 22.5, "axis": "x", "origin": [-2.5, 4.88478, 8.05186]},
			"faces": {
				"north": {"uv": [0, 8, 1, 16], "texture": "#2"},
				"east": {"uv": [0, 0, 6, 8], "texture": "#2"},
				"south": {"uv": [1, 8, 2, 16], "texture": "#2"},
				"west": {"uv": [8, 0, 9, 8], "texture": "#2"},
				"up": {"uv": [3, 14, 2, 8], "texture": "#2"},
				"down": {"uv": [4, 8, 3, 14], "texture": "#2"}
			}
		},
		{
			"from": [-4.34451, 10.88345, 8],
			"to": [-3.34451, 13.88345, 9],
			"rotation": {"angle": 0, "axis": "y", "origin": [-5.84451, 14.38345, 8.5]},
			"faces": {
				"north": {"uv": [0, 0, 3, 1], "rotation": 270, "texture": "#1"},
				"east": {"uv": [0, 0, 3, 1], "rotation": 90, "texture": "#1"},
				"south": {"uv": [0, 0, 3, 1], "rotation": 90, "texture": "#1"},
				"west": {"uv": [0, 0, 3, 1], "rotation": 90, "texture": "#1"},
				"up": {"uv": [0, 0, 3, 1], "rotation": 90, "texture": "#1"},
				"down": {"uv": [0, 0, 3, 1], "rotation": 90, "texture": "#1"}
			}
		},
		{
			"from": [-2.34451, 8.88345, 8],
			"to": [-1.34451, 11.88345, 9],
			"rotation": {"angle": 0, "axis": "y", "origin": [-5.84451, 14.38345, 8.5]},
			"faces": {
				"north": {"uv": [3, 0, 6, 1], "rotation": 270, "texture": "#1"},
				"east": {"uv": [3, 0, 6, 1], "rotation": 90, "texture": "#1"},
				"south": {"uv": [3, 0, 6, 1], "rotation": 90, "texture": "#1"},
				"west": {"uv": [3, 0, 6, 1], "rotation": 90, "texture": "#1"},
				"up": {"uv": [3, 0, 6, 1], "rotation": 90, "texture": "#1"},
				"down": {"uv": [3, 0, 6, 1], "rotation": 90, "texture": "#1"}
			}
		},
		{
			"from": [-4.34451, 7.88345, 8],
			"to": [-3.34451, 9.88345, 9],
			"rotation": {"angle": 0, "axis": "y", "origin": [-5.84451, 14.38345, 8.5]},
			"faces": {
				"north": {"uv": [3, 0, 6, 1], "rotation": 270, "texture": "#1"},
				"east": {"uv": [3, 0, 6, 1], "rotation": 90, "texture": "#1"},
				"south": {"uv": [3, 0, 6, 1], "rotation": 90, "texture": "#1"},
				"west": {"uv": [3, 0, 6, 1], "rotation": 90, "texture": "#1"},
				"up": {"uv": [3, 0, 6, 1], "rotation": 90, "texture": "#1"},
				"down": {"uv": [3, 0, 6, 1], "rotation": 90, "texture": "#1"}
			}
		},
		{
			"from": [-2.34451, 12.88345, 8],
			"to": [-1.34451, 14.88345, 9],
			"rotation": {"angle": 0, "axis": "y", "origin": [-5.84451, 14.38345, 8.5]},
			"faces": {
				"north": {"uv": [3, 0, 6, 1], "rotation": 270, "texture": "#1"},
				"east": {"uv": [3, 0, 6, 1], "rotation": 90, "texture": "#1"},
				"south": {"uv": [3, 0, 6, 1], "rotation": 90, "texture": "#1"},
				"west": {"uv": [3, 0, 6, 1], "rotation": 90, "texture": "#1"},
				"up": {"uv": [3, 0, 6, 1], "rotation": 90, "texture": "#1"},
				"down": {"uv": [3, 0, 6, 1], "rotation": 90, "texture": "#1"}
			}
		},
		{
			"from": [-4.34451, 10.88345, 8],
			"to": [-1.34451, 11.88345, 9],
			"rotation": {"angle": 0, "axis": "y", "origin": [-5.84451, 14.38345, 8.5]},
			"faces": {
				"north": {"uv": [0, 4, 1, 7], "rotation": 270, "texture": "#1"},
				"east": {"uv": [0, 4, 1, 7], "rotation": 90, "texture": "#1"},
				"south": {"uv": [0, 4, 1, 7], "rotation": 90, "texture": "#1"},
				"west": {"uv": [0, 4, 1, 7], "rotation": 90, "texture": "#1"},
				"up": {"uv": [0, 4, 1, 7], "rotation": 90, "texture": "#1"},
				"down": {"uv": [0, 4, 1, 7], "rotation": 90, "texture": "#1"}
			}
		},
		{
			"from": [-4.34451, 7.88345, 8],
			"to": [-1.34451, 8.88345, 9],
			"rotation": {"angle": 0, "axis": "y", "origin": [-5.84451, 14.38345, 8.5]},
			"faces": {
				"north": {"uv": [4, 4, 5, 7], "rotation": 270, "texture": "#1"},
				"east": {"uv": [4, 4, 5, 7], "rotation": 90, "texture": "#1"},
				"south": {"uv": [4, 4, 5, 7], "rotation": 90, "texture": "#1"},
				"west": {"uv": [4, 4, 5, 7], "rotation": 90, "texture": "#1"},
				"up": {"uv": [4, 4, 5, 7], "rotation": 90, "texture": "#1"},
				"down": {"uv": [4, 4, 5, 7], "rotation": 90, "texture": "#1"}
			}
		},
		{
			"from": [-4.34451, 13.88345, 8],
			"to": [-1.34451, 14.88345, 9],
			"rotation": {"angle": 0, "axis": "y", "origin": [-5.84451, 14.38345, 8.5]},
			"faces": {
				"north": {"uv": [6, 6, 7, 9], "rotation": 270, "texture": "#1"},
				"east": {"uv": [6, 6, 7, 9], "rotation": 90, "texture": "#1"},
				"south": {"uv": [6, 6, 7, 9], "rotation": 90, "texture": "#1"},
				"west": {"uv": [6, 6, 7, 9], "rotation": 90, "texture": "#1"},
				"up": {"uv": [6, 6, 7, 9], "rotation": 90, "texture": "#1"},
				"down": {"uv": [6, 6, 7, 9], "rotation": 90, "texture": "#1"}
			}
		},
		{
			"from": [18, 11, 6],
			"to": [18, 14, 7],
			"faces": {
				"north": {"uv": [0, 0, 0, 3], "texture": "#2"},
				"east": {"uv": [0, 0, 1, 3], "texture": "#2"},
				"south": {"uv": [0, 0, 0, 3], "texture": "#2"},
				"west": {"uv": [0, 0, 1, 3], "texture": "#2"},
				"up": {"uv": [0, 0, 0, 1], "texture": "#2"},
				"down": {"uv": [0, 0, 0, 1], "texture": "#2"}
			}
		},
		{
			"from": [18, 14, 6],
			"to": [19, 14, 7],
			"faces": {
				"north": {"uv": [0, 0, 1, 0], "texture": "#2"},
				"east": {"uv": [0, 0, 1, 0], "texture": "#2"},
				"south": {"uv": [0, 0, 1, 0], "texture": "#2"},
				"west": {"uv": [0, 0, 1, 0], "texture": "#2"},
				"up": {"uv": [0, 0, 1, 1], "texture": "#2"},
				"down": {"uv": [0, 0, 1, 1], "texture": "#2"}
			}
		},
		{
			"from": [19, 11, 6],
			"to": [19, 14, 7],
			"faces": {
				"north": {"uv": [0, 0, 0, 3], "texture": "#2"},
				"east": {"uv": [0, 0, 1, 3], "texture": "#2"},
				"south": {"uv": [0, 0, 0, 3], "texture": "#2"},
				"west": {"uv": [0, 0, 1, 3], "texture": "#2"},
				"up": {"uv": [0, 0, 0, 1], "texture": "#2"},
				"down": {"uv": [0, 0, 0, 1], "texture": "#2"}
			}
		},
		{
			"from": [18, 10.625, 5.625],
			"to": [19, 11.625, 6.625],
			"rotation": {"angle": -22.5, "axis": "x", "origin": [18.5, 10.625, 6]},
			"faces": {
				"north": {"uv": [0, 0, 1, 1], "texture": "#6"},
				"east": {"uv": [0, 1, 1, 2], "texture": "#6"},
				"south": {"uv": [1, 0, 2, 1], "texture": "#6"},
				"west": {"uv": [1, 1, 2, 2], "texture": "#6"},
				"up": {"uv": [1, 3, 0, 2], "texture": "#6"},
				"down": {"uv": [3, 0, 2, 1], "texture": "#6"}
			}
		},
		{
			"from": [18, 9.625, 5.625],
			"to": [19, 10.625, 6.125],
			"rotation": {"angle": -22.5, "axis": "x", "origin": [18.5, 10.625, 6]},
			"faces": {
				"north": {"uv": [1, 2, 2, 3], "texture": "#6"},
				"east": {"uv": [2, 1, 3, 2], "texture": "#6"},
				"south": {"uv": [2, 2, 3, 3], "texture": "#6"},
				"west": {"uv": [0, 3, 1, 4], "texture": "#6"},
				"up": {"uv": [4, 1, 3, 0], "texture": "#6"},
				"down": {"uv": [2, 3, 1, 4], "texture": "#6"}
			}
		},
		{
			"from": [18, 0.1, 8],
			"to": [19, 0.1, 12],
			"faces": {
				"north": {"uv": [0, 0, 1, 0], "texture": "#7"},
				"east": {"uv": [0, 0, 4, 0], "texture": "#7"},
				"south": {"uv": [0, 0, 1, 0], "texture": "#7"},
				"west": {"uv": [0, 0, 4, 0], "texture": "#7"},
				"up": {"uv": [1, 4, 0, 0], "texture": "#7"},
				"down": {"uv": [2, 0, 1, 4], "texture": "#7"}
			}
		},
		{
			"from": [17, 0.1, 7],
			"to": [18, 0.1, 8],
			"faces": {
				"north": {"uv": [0, 0, 1, 0], "texture": "#7"},
				"east": {"uv": [0, 0, 1, 0], "texture": "#7"},
				"south": {"uv": [0, 0, 1, 0], "texture": "#7"},
				"west": {"uv": [0, 0, 1, 0], "texture": "#7"},
				"up": {"uv": [3, 1, 2, 0], "texture": "#7"},
				"down": {"uv": [3, 1, 2, 2], "texture": "#7"}
			}
		},
		{
			"from": [17, 0, 3],
			"to": [19, 3, 5],
			"faces": {
				"north": {"uv": [3, 0, 5, 3], "texture": "#8"},
				"east": {"uv": [3, 3, 5, 6], "texture": "#8"},
				"south": {"uv": [5, 0, 7, 3], "texture": "#8"},
				"west": {"uv": [5, 3, 7, 6], "texture": "#8"},
				"up": {"uv": [2, 8, 0, 6], "texture": "#8"},
				"down": {"uv": [4, 6, 2, 8], "texture": "#8"}
			}
		},
		{
			"from": [16.5, 3, 2.5],
			"to": [19.5, 4, 5.5],
			"faces": {
				"north": {"uv": [4, 6, 7, 7], "texture": "#8"},
				"east": {"uv": [7, 0, 10, 1], "texture": "#8"},
				"south": {"uv": [7, 1, 10, 2], "texture": "#8"},
				"west": {"uv": [7, 2, 10, 3], "texture": "#8"},
				"up": {"uv": [3, 3, 0, 0], "texture": "#8"},
				"down": {"uv": [3, 3, 0, 6], "texture": "#8"}
			}
		},
		{
			"from": [1, 0, 1],
			"to": [15, 9, 15],
			"faces": {
				"north": {"uv": [2, 2, 14, 10], "texture": "#missing", "cullface": "up"},
				"east": {"uv": [2, 2, 14, 10], "texture": "#missing", "cullface": "up"},
				"south": {"uv": [2, 2, 14, 10], "texture": "#missing", "cullface": "up"},
				"west": {"uv": [2, 2, 14, 10], "texture": "#missing", "cullface": "up"},
				"up": {"uv": [0, 0, 12, 12], "texture": "#0", "cullface": "up"}
			}
		},
		{
			"from": [8.31694, 8.03921, 6.72227],
			"to": [11.31694, 11.03921, 10.72227],
			"rotation": {"angle": 45, "axis": "y", "origin": [9.85355, 9.53921, 7.53661]},
			"faces": {
				"north": {"uv": [0, 6, 3, 9], "rotation": 270, "texture": "#9"},
				"east": {"uv": [7, 4, 4, 0], "rotation": 90, "texture": "#9"},
				"south": {"uv": [0, 0, 3, 3], "rotation": 90, "texture": "#9"},
				"west": {"uv": [3, 0, 0, 4], "rotation": 90, "texture": "#9"},
				"up": {"uv": [0, 0, 4, 3], "rotation": 90, "texture": "#9"},
				"down": {"uv": [0, 0, 4, 3], "rotation": 90, "texture": "#9"}
			}
		},
		{
			"from": [9.99372, 9.03921, 3.38128],
			"to": [10.99372, 10.03921, 4.38128],
			"rotation": {"angle": 45, "axis": "y", "origin": [9.85355, 9.53921, 7.53661]},
			"faces": {
				"north": {"uv": [7, 7, 8, 8], "rotation": 270, "texture": "#9"},
				"east": {"uv": [9, 7, 8, 6], "rotation": 90, "texture": "#9"},
				"south": {"uv": [7, 7, 8, 8], "rotation": 90, "texture": "#9"},
				"west": {"uv": [10, 1, 9, 2], "rotation": 90, "texture": "#9"},
				"up": {"uv": [8, 8, 9, 9], "rotation": 90, "texture": "#9"},
				"down": {"uv": [6, 8, 7, 9], "rotation": 90, "texture": "#9"}
			}
		},
		{
			"from": [8.78661, 9.03921, 3.32062],
			"to": [9.78661, 10.03921, 4.32062],
			"rotation": {"angle": 45, "axis": "y", "origin": [9.85355, 9.53921, 7.53661]},
			"faces": {
				"north": {"uv": [8, 8, 9, 9], "rotation": 270, "texture": "#9"},
				"east": {"uv": [5, 10, 4, 9], "rotation": 90, "texture": "#9"},
				"south": {"uv": [7, 7, 8, 8], "rotation": 90, "texture": "#9"},
				"west": {"uv": [9, 8, 8, 9], "rotation": 90, "texture": "#9"},
				"up": {"uv": [7, 7, 8, 8], "rotation": 90, "texture": "#9"},
				"down": {"uv": [0, 9, 1, 10], "rotation": 90, "texture": "#9"}
			}
		},
		{
			"from": [9.31694, 9.03921, 3.72227],
			"to": [10.31694, 10.03921, 7.72227],
			"rotation": {"angle": 45, "axis": "y", "origin": [9.85355, 9.53921, 7.53661]},
			"faces": {
				"north": {"uv": [7, 7, 8, 8], "rotation": 270, "texture": "#9"},
				"east": {"uv": [10, 4, 9, 0], "rotation": 90, "texture": "#9"},
				"south": {"uv": [8, 7, 9, 8], "rotation": 90, "texture": "#9"},
				"west": {"uv": [9, 1, 8, 5], "rotation": 90, "texture": "#9"},
				"up": {"uv": [0, 9, 4, 10], "rotation": 90, "texture": "#9"},
				"down": {"uv": [0, 9, 4, 10], "rotation": 90, "texture": "#9"}
			}
		}
	],
	"groups": [
		{
			"name": "group",
			"origin": [0, 0, 0],
			"color": 0,
			"children": [
				{
					"name": "group",
					"origin": [8, 8, 8],
					"color": 0,
					"children": [
						{
							"name": "harp",
							"origin": [8, 8, 8],
							"color": 0,
							"children": [
								{
									"name": "group",
									"origin": [8, 8, 8],
									"color": 0,
									"children": [0, 1, 2, 3]
								},
								{
									"name": "group",
									"origin": [-2.5, 5.88478, 9.05186],
									"color": 0,
									"children": [4, 5, 6, 7]
								}
							]
						},
						{
							"name": "Iron hook",
							"origin": [8, 8, 8],
							"color": 0,
							"children": [8, 9, 10, 11, 12, 13, 14]
						},
						{
							"name": "whistle",
							"origin": [8, 8, 8],
							"color": 0,
							"children": [15, 16, 17,
								{
									"name": "group",
									"origin": [0, 0, 0],
									"color": 0,
									"children": [18, 19]
								}
							]
						},
						{
							"name": "group",
							"origin": [8, 8, 8],
							"color": 0,
							"children": [20, 21]
						},
						{
							"name": "group",
							"origin": [8, 8, 8],
							"color": 0,
							"children": [22, 23]
						}
					]
				}, 24,
				{
					"name": "group",
					"origin": [0, 0, 0],
					"color": 0,
					"children": [25, 26, 27, 28]
				}
			]
		}
	]
}